Record#,Elapsed_Time,Time_in_Community,Gender,Working,Age,Family,Hobbies,Social_Club,Political,Professional,Religious,Support_Group
1,8.05,Long,F,Yes,48,No,No,No,No,No,Yes,No
2,5.02,Long,M,No,35,Yes,Yes,No,No,No,Yes,No
3,7.25,Long,M,No,49,Yes,No,No,No,No,No,No
4,6.01,Medium,M,Yes,36,Yes,Yes,Yes,No,Yes,Yes,No
5,2.21,Medium,F,Yes,43,Yes,No,No,No,No,No,No
6,7.68,Long,M,No,41,No,No,No,No,No,No,No
7,7.47,Long,M,Yes,46,No,No,Yes,Yes,No,No,No
8,2.61,Long,F,No,23,No,No,No,No,No,No,No
9,8.95,Long,M,No,30,No,No,No,No,No,No,No
10,9.56,Long,M,No,54,Yes,Yes,No,No,No,Yes,No
11,9.89,Medium,F,Yes,28,Yes,Yes,No,No,No,Yes,No
12,6.33,Long,M,Yes,22,No,No,No,No,No,No,No
13,5.92,Long,F,No,46,Yes,Yes,No,Yes,Yes,Yes,No
14,9.59,Short,M,Yes,46,No,No,No,No,No,No,No
15,8.94,Medium,M,Yes,43,No,No,No,No,Yes,No,No
16,3.81,Medium,F,Yes,22,No,No,No,No,No,Yes,Yes
17,8.63,Medium,F,No,44,No,Yes,Yes,No,Yes,Yes,No
18,3.43,Medium,F,Yes,30,Yes,Yes,No,No,No,Yes,No
19,7.58,Long,M,Yes,53,No,No,No,No,No,No,No
20,8.37,Long,M,Yes,56,Yes,No,Yes,No,No,No,No
21,2.61,Short,M,Yes,24,No,No,No,No,Yes,No,No
22,6.1,Medium,M,No,52,No,No,No,No,No,No,No
23,5.54,Long,M,Yes,27,No,No,No,No,No,No,No
24,8.51,Medium,F,No,47,Yes,No,No,No,Yes,No,No
25,2.14,Medium,M,No,38,No,No,No,No,Yes,No,Yes
26,9.24,Long,F,Yes,44,No,No,No,No,No,No,No
27,9.32,Medium,M,Yes,51,No,Yes,Yes,Yes,No,Yes,No
28,2.12,Long,F,No,30,No,No,No,No,No,No,No
29,8.81,Long,M,No,50,No,No,No,No,No,No,No
30,2.34,Short,M,No,44,No,Yes,No,No,No,Yes,No
31,3.33,Medium,F,No,27,No,No,No,No,Yes,No,No
32,7.49,Medium,F,Yes,22,No,No,No,No,Yes,No,No
33,3.86,Long,F,Yes,36,No,No,No,No,Yes,No,Yes
34,8.85,Long,M,Yes,27,No,No,Yes,No,No,No,Yes
35,3.14,Long,F,Yes,24,Yes,Yes,No,No,No,Yes,No
36,9.55,Short,M,Yes,45,No,No,No,No,Yes,No,Yes
37,7.05,Medium,F,Yes,29,No,No,No,No,No,No,No
38,2.61,Medium,M,Yes,50,Yes,Yes,No,No,No,Yes,No
39,3.51,Long,M,No,27,No,No,No,No,No,No,No
40,4.62,Long,F,Yes,25,Yes,No,Yes,No,Yes,Yes,Yes
41,6.45,Short,F,Yes,52,Yes,Yes,No,No,No,Yes,Yes
42,5.23,Long,M,No,22,No,No,No,No,Yes,Yes,Yes
43,7.17,Short,F,No,53,No,No,No,No,No,Yes,Yes
44,4.02,Medium,M,No,34,No,No,No,No,No,Yes,No
45,5.93,Medium,F,Yes,55,No,No,No,No,No,No,No
46,3,Long,F,Yes,49,Yes,Yes,Yes,No,Yes,Yes,No
47,9.68,Medium,M,Yes,44,No,No,No,No,No,No,No
48,3.37,Long,M,Yes,46,Yes,No,No,No,Yes,No,No
49,7.72,Long,M,No,53,Yes,Yes,No,No,No,Yes,Yes
50,7.19,Long,F,No,47,Yes,Yes,No,No,Yes,No,No
51,7.97,Medium,M,No,24,Yes,No,No,Yes,No,No,No
52,7.76,Long,F,No,50,No,No,No,No,No,No,No
53,4.7,Medium,F,Yes,49,No,No,Yes,No,Yes,Yes,No
54,6.43,Short,F,Yes,52,No,No,No,No,No,No,No
55,6.31,Long,F,Yes,27,Yes,No,No,No,No,No,No
56,9.59,Long,F,Yes,25,No,No,No,No,No,No,No
57,2.54,Long,M,Yes,47,No,No,No,No,No,No,No
58,6.12,Medium,F,No,52,Yes,No,No,No,No,No,Yes
59,6.27,Long,M,No,31,No,No,No,No,Yes,No,Yes
60,9.34,Long,M,No,42,No,No,Yes,No,No,Yes,Yes
61,3.2,Short,F,No,35,Yes,No,No,No,No,Yes,No
62,3.49,Medium,F,No,37,No,No,No,No,Yes,Yes,Yes
63,8.77,Short,F,Yes,30,Yes,No,No,No,Yes,Yes,No
64,3.29,Long,M,Yes,51,No,No,No,No,No,No,No
65,3.71,Medium,M,No,42,No,No,No,No,No,No,No
66,7.57,Short,F,No,56,No,No,No,No,No,No,No
67,8.64,Medium,F,Yes,51,Yes,No,No,No,Yes,No,No
68,2.83,Medium,M,Yes,54,No,No,No,No,No,No,No
69,7.27,Long,M,No,33,No,No,No,No,No,Yes,No
70,6.58,Long,M,No,52,Yes,Yes,No,Yes,No,No,No
71,7.39,Short,M,No,41,No,No,Yes,No,No,No,Yes
72,4.64,Short,M,Yes,49,No,Yes,Yes,No,No,Yes,No
73,6.01,Short,M,Yes,20,No,No,No,Yes,No,No,No
74,2.27,Medium,M,No,49,Yes,Yes,No,No,Yes,Yes,No
75,6.42,Short,F,Yes,49,No,Yes,No,No,No,Yes,No
76,9.38,Long,M,No,32,No,Yes,No,No,No,No,Yes
77,5.51,Short,F,No,28,Yes,Yes,No,No,Yes,Yes,No
78,7.3,Long,M,Yes,52,No,No,No,No,No,No,Yes
79,3.52,Short,F,No,21,Yes,Yes,No,Yes,Yes,Yes,Yes
80,3.14,Short,M,Yes,36,Yes,No,No,No,Yes,Yes,No
81,7.01,Long,F,No,23,No,No,Yes,Yes,Yes,No,Yes
82,8.67,Long,M,Yes,19,No,No,No,No,Yes,No,No
83,8.98,Short,F,No,49,No,No,Yes,No,No,Yes,No
84,9.49,Long,M,No,27,Yes,No,No,Yes,Yes,No,No
85,3.34,Long,M,Yes,49,No,No,No,No,No,No,No
86,9.88,Long,M,Yes,23,No,Yes,No,No,Yes,Yes,No
87,6.47,Medium,M,No,42,No,No,No,No,No,No,No
88,2.46,Long,M,Yes,21,No,No,No,No,Yes,No,No
89,3.19,Medium,M,No,33,No,No,No,No,Yes,No,No
90,9.39,Medium,M,No,44,Yes,No,No,No,No,No,No
91,5,Medium,M,No,43,No,No,No,No,No,No,No
92,5.66,Long,F,No,30,No,No,No,No,No,No,No
93,3.99,Long,M,Yes,39,Yes,Yes,No,No,Yes,Yes,No
94,7.62,Medium,F,No,52,No,No,No,Yes,Yes,Yes,No
95,6.16,Medium,M,No,27,No,No,No,No,No,Yes,No
96,6.83,Long,M,No,55,No,No,No,Yes,No,No,No
97,7.03,Medium,F,Yes,34,No,Yes,No,No,No,Yes,No
98,6.37,Long,F,Yes,27,No,No,No,No,No,No,No
99,5.17,Long,F,Yes,29,Yes,No,No,No,No,No,No
100,3.96,Long,F,Yes,46,No,No,No,No,Yes,No,No
101,4.45,Long,F,No,50,Yes,Yes,Yes,No,No,Yes,No
102,9.34,Long,M,No,37,Yes,No,No,No,Yes,No,No
103,5.5,Long,M,No,53,Yes,No,Yes,No,No,Yes,No
104,10.07,Medium,F,No,52,Yes,Yes,Yes,No,No,Yes,No
105,5.92,Medium,M,No,26,No,No,No,No,No,No,No
106,3.71,Medium,F,Yes,30,Yes,No,No,No,No,No,No
107,6.34,Short,M,Yes,34,Yes,No,No,No,No,Yes,No
108,8.87,Short,F,No,32,No,No,No,No,No,Yes,No
109,4.24,Long,M,Yes,23,No,No,No,No,No,No,Yes
110,8.01,Long,F,No,32,No,No,No,No,Yes,No,No
111,4.83,Short,F,No,40,Yes,No,No,No,No,No,No
112,5.95,Short,F,Yes,33,Yes,Yes,No,No,Yes,No,No
113,3.74,Short,M,Yes,22,No,No,No,No,No,Yes,Yes
114,5.79,Medium,F,No,29,No,Yes,No,No,No,Yes,Yes
115,6.6,Medium,F,No,23,Yes,No,No,Yes,Yes,No,No
116,9.7,Medium,F,No,42,No,No,No,No,No,No,Yes
117,7.85,Long,M,No,37,Yes,Yes,No,No,No,Yes,Yes
118,7.24,Short,F,Yes,26,Yes,Yes,Yes,No,No,Yes,No
119,8.72,Medium,M,No,32,Yes,No,No,No,Yes,No,Yes
120,5.52,Short,F,No,30,Yes,Yes,No,No,No,Yes,No
121,2.35,Short,F,No,20,Yes,Yes,No,No,No,Yes,No
122,5.75,Medium,M,Yes,51,No,No,No,No,Yes,No,No
123,8.85,Short,F,Yes,28,No,Yes,No,No,Yes,Yes,No
124,3.02,Medium,F,No,50,Yes,Yes,Yes,No,No,Yes,No
125,7.78,Medium,M,Yes,35,Yes,No,No,No,Yes,No,No
126,7.27,Long,M,Yes,54,Yes,No,No,No,No,Yes,No
127,9.49,Medium,F,Yes,24,No,No,No,No,No,No,No
128,8.6,Medium,M,Yes,35,Yes,Yes,Yes,No,No,Yes,Yes
129,8.81,Long,F,No,22,No,No,No,No,Yes,No,No
130,2.13,Short,M,Yes,24,Yes,No,No,No,No,No,No
131,6.11,Long,F,No,40,No,No,No,No,Yes,No,No
132,3.92,Medium,M,Yes,29,No,No,No,No,No,No,No
133,2.72,Medium,M,Yes,52,No,No,No,No,No,No,No
134,4.91,Medium,F,No,21,No,No,No,No,Yes,No,Yes
135,4.8,Long,F,Yes,22,Yes,Yes,No,Yes,No,Yes,Yes
136,2.61,Medium,F,Yes,34,Yes,Yes,Yes,No,Yes,Yes,No
137,3.25,Long,F,Yes,43,Yes,No,No,No,Yes,No,No
138,9.32,Medium,M,No,44,Yes,No,No,No,No,No,No
139,5.41,Short,M,Yes,45,No,No,No,No,No,No,No
140,5.02,Medium,F,Yes,31,No,No,No,No,Yes,No,No
141,3.78,Long,M,Yes,46,No,No,No,No,No,No,No
142,5.5,Long,F,Yes,53,No,No,No,No,No,No,No
143,8.78,Long,M,Yes,30,No,No,No,No,Yes,No,No
144,9.78,Short,M,Yes,48,Yes,Yes,Yes,No,No,Yes,No
145,8.82,Long,F,Yes,23,No,No,No,No,No,No,No
146,5.18,Medium,F,Yes,24,No,No,No,No,Yes,No,No
147,9.13,Long,F,No,24,No,Yes,No,No,No,Yes,No
148,3.88,Medium,M,No,24,No,No,No,No,No,No,No
149,2.64,Long,F,No,37,No,No,No,No,No,No,No
150,7.05,Long,F,No,53,Yes,Yes,No,No,No,No,No
151,6.24,Medium,M,Yes,38,No,No,No,No,No,No,No
152,9.14,Long,F,Yes,47,Yes,No,No,No,No,Yes,No
153,3.59,Medium,F,Yes,43,Yes,No,No,No,Yes,No,No
154,9.95,Long,F,No,38,Yes,Yes,No,No,No,Yes,No
155,5.7,Long,M,Yes,25,No,No,No,No,No,Yes,No
156,3.87,Medium,M,No,31,No,No,No,No,No,No,No
157,8.77,Long,M,No,49,Yes,Yes,Yes,Yes,No,Yes,No
158,9.98,Medium,M,Yes,50,No,No,No,No,Yes,No,Yes
159,6.63,Short,F,No,39,Yes,No,Yes,No,No,No,No
160,9.53,Medium,M,No,24,No,No,No,No,No,No,Yes
161,2.55,Medium,M,Yes,31,Yes,No,No,No,No,Yes,No
162,3.69,Short,M,Yes,25,No,No,No,No,No,No,No
163,3.95,Long,M,Yes,29,No,No,No,Yes,Yes,No,Yes
164,5.24,Medium,F,No,31,No,No,No,No,No,Yes,Yes
165,4.62,Long,F,Yes,52,Yes,No,No,No,No,No,No
166,5.28,Short,F,Yes,46,No,Yes,Yes,No,No,Yes,Yes
167,4.36,Long,F,No,26,No,No,No,No,Yes,No,No
168,3.92,Long,M,Yes,23,No,Yes,No,No,No,No,Yes
169,5.8,Medium,F,No,34,No,No,No,No,No,No,No
170,7.88,Medium,F,Yes,53,No,Yes,Yes,No,Yes,No,Yes
171,3.16,Long,F,No,21,No,Yes,Yes,No,No,Yes,Yes
172,7.8,Medium,M,Yes,31,No,Yes,No,No,No,No,No
173,5.01,Short,M,Yes,22,Yes,Yes,Yes,No,Yes,Yes,Yes
174,2.92,Long,F,Yes,52,Yes,No,No,No,No,Yes,No
175,3.19,Medium,M,Yes,38,Yes,Yes,No,No,No,Yes,No
176,4.58,Long,F,Yes,34,No,No,No,No,Yes,No,No
177,8.79,Medium,F,No,36,No,No,No,No,Yes,No,No
178,5,Long,M,No,56,Yes,No,No,No,Yes,No,No
179,5.96,Long,M,Yes,32,No,Yes,No,Yes,Yes,Yes,No
180,9.85,Short,M,No,51,Yes,No,No,No,No,No,No
181,8.42,Medium,M,No,43,Yes,No,No,No,No,Yes,No
182,2.54,Short,M,No,35,No,No,No,No,No,Yes,No
183,4.22,Medium,M,No,42,Yes,Yes,No,No,Yes,No,No
184,6.56,Long,M,No,47,No,No,No,No,No,No,No
185,4.57,Long,M,No,29,Yes,No,No,No,No,No,No
186,4.31,Medium,M,Yes,47,Yes,No,No,No,No,No,No
187,2.45,Long,F,No,28,Yes,Yes,Yes,No,No,Yes,No
188,3.87,Short,M,Yes,42,Yes,Yes,No,No,No,No,No
189,6.86,Long,M,Yes,41,Yes,Yes,Yes,No,Yes,Yes,Yes
190,5.62,Medium,F,Yes,45,Yes,No,No,No,No,No,No
191,5.57,Short,F,Yes,49,No,No,No,No,No,No,No
192,7.46,Medium,F,No,28,No,No,No,No,No,No,No
193,3.45,Long,F,No,49,No,No,No,No,No,No,No
194,8.05,Long,M,No,46,No,No,No,No,Yes,No,No
195,6.15,Medium,M,No,25,No,Yes,No,No,No,Yes,No
196,8.58,Long,M,Yes,34,Yes,No,No,No,Yes,No,No
197,6.97,Long,F,No,50,No,No,No,No,Yes,No,No
198,9.35,Long,F,Yes,46,No,No,No,No,No,No,No
199,5.22,Short,M,Yes,25,Yes,Yes,No,No,Yes,No,No
200,4.45,Short,M,Yes,25,Yes,No,No,No,Yes,No,No
201,8.3,Medium,M,Yes,28,Yes,Yes,No,No,No,Yes,No
202,4.8,Medium,F,Yes,50,Yes,Yes,No,Yes,Yes,Yes,No
203,7,Long,M,Yes,31,Yes,No,No,No,Yes,No,No
204,3.6,Medium,M,No,52,Yes,No,Yes,No,Yes,Yes,No
205,4.02,Medium,M,Yes,31,Yes,Yes,Yes,No,No,Yes,No
206,7.81,Long,F,No,20,No,No,No,No,No,No,No
207,6.14,Medium,M,No,24,No,Yes,Yes,No,Yes,Yes,No
208,3.8,Long,M,Yes,55,No,Yes,No,No,Yes,No,No
209,3.87,Medium,M,Yes,34,Yes,Yes,Yes,No,Yes,Yes,No
210,6.16,Medium,F,Yes,36,No,No,No,No,Yes,No,No
211,3.4,Long,F,No,44,Yes,Yes,No,No,No,Yes,No
212,3.69,Short,F,Yes,23,No,No,No,No,No,Yes,No
213,4.73,Short,F,No,44,No,No,No,No,No,No,No
214,4.42,Long,M,No,34,No,No,No,No,No,No,No
215,10.02,Long,M,Yes,22,No,Yes,Yes,No,No,Yes,Yes
216,5.15,Long,M,Yes,26,Yes,No,Yes,No,No,Yes,Yes
217,2.56,Long,F,No,53,Yes,Yes,Yes,No,No,Yes,No
218,3.75,Medium,M,No,45,Yes,No,No,No,No,No,No
219,6.45,Long,M,Yes,28,Yes,No,No,No,Yes,No,No
220,9.67,Short,F,No,31,No,No,No,No,Yes,No,Yes
221,8.67,Long,F,No,56,No,No,No,No,Yes,No,No
222,4.92,Medium,F,Yes,30,No,No,No,No,No,No,No
223,3.03,Medium,M,No,28,No,No,No,No,Yes,No,Yes
224,6.47,Long,F,Yes,43,No,No,No,No,Yes,Yes,No
225,5.97,Long,F,No,36,No,No,No,No,Yes,No,No
226,6.85,Medium,F,No,41,No,No,No,No,No,No,No
227,5.58,Medium,F,Yes,43,No,Yes,No,Yes,No,No,No
228,7.64,Medium,F,No,45,No,No,No,No,No,No,No
229,4.8,Medium,F,Yes,38,No,No,Yes,No,No,No,No
230,5.41,Medium,M,Yes,32,No,Yes,Yes,No,No,Yes,No
231,2.31,Short,F,No,22,Yes,Yes,Yes,No,No,Yes,No
232,8.57,Short,F,Yes,44,Yes,Yes,No,Yes,No,Yes,No
233,8.9,Medium,M,No,46,No,No,No,No,Yes,No,No
234,3.77,Medium,F,Yes,34,No,No,No,No,No,No,No
235,3.56,Long,F,No,20,Yes,Yes,Yes,No,Yes,Yes,Yes
236,2.98,Long,F,Yes,54,No,No,No,No,Yes,No,No
237,9.41,Medium,F,No,41,No,No,No,No,Yes,Yes,No
238,9.32,Long,F,Yes,50,No,No,No,No,No,Yes,No
239,8.71,Medium,M,No,42,No,No,No,No,No,No,No
240,5.03,Long,M,Yes,29,No,No,No,No,Yes,No,No
241,9.73,Short,M,No,46,No,No,No,No,No,Yes,No
242,6.86,Medium,M,No,39,No,No,No,No,No,No,No
243,6.5,Medium,M,No,25,Yes,Yes,No,No,No,Yes,Yes
244,8.89,Medium,F,Yes,32,No,No,No,No,Yes,No,No
245,6.4,Short,M,Yes,33,No,No,No,No,No,No,No
246,3.32,Medium,F,No,25,Yes,Yes,No,No,No,Yes,Yes
247,3.27,Medium,F,No,29,Yes,Yes,No,No,No,Yes,Yes
248,6.26,Medium,M,No,53,Yes,No,Yes,No,No,No,No
249,4.01,Long,F,Yes,47,No,No,No,Yes,Yes,No,No
250,6.15,Short,M,Yes,42,No,No,Yes,No,No,Yes,No
251,8.28,Long,M,Yes,43,Yes,No,No,No,No,No,Yes
252,7.88,Medium,F,Yes,52,No,No,No,No,Yes,No,No
253,3.5,Medium,F,Yes,29,No,No,No,No,No,No,No
254,2.56,Long,F,Yes,53,Yes,No,No,No,Yes,Yes,Yes
255,2.09,Medium,M,Yes,43,Yes,Yes,No,No,No,Yes,No
256,5.49,Medium,M,Yes,20,Yes,No,No,No,No,No,No
257,2.73,Short,M,Yes,23,Yes,No,No,No,No,No,No
258,2.85,Medium,M,No,50,Yes,No,No,Yes,No,No,No
259,6.52,Medium,F,No,34,Yes,Yes,Yes,No,No,Yes,No
260,8.29,Long,M,Yes,47,No,No,No,No,Yes,No,No
261,3.12,Medium,F,Yes,26,No,No,No,No,No,Yes,No
262,7.21,Medium,F,Yes,30,No,No,No,No,Yes,No,No
263,4.55,Short,F,Yes,26,Yes,No,Yes,No,No,No,No
264,6.27,Long,F,Yes,54,No,No,No,No,No,No,Yes
265,2.82,Medium,F,Yes,50,No,No,No,No,Yes,No,No
266,4.36,Long,M,Yes,27,Yes,Yes,No,No,No,Yes,No
267,5.65,Short,F,Yes,47,Yes,Yes,No,No,Yes,No,No
268,3.26,Long,M,No,28,No,No,No,Yes,No,No,No
269,5.61,Long,F,No,32,Yes,No,No,Yes,No,Yes,No
270,8.84,Long,M,Yes,30,No,No,No,No,No,No,No
271,3.48,Long,F,No,51,Yes,Yes,No,No,Yes,Yes,Yes
272,3.8,Long,F,Yes,46,No,Yes,Yes,No,No,Yes,No
273,5.23,Long,F,No,24,No,No,Yes,No,No,No,No
274,6.7,Short,M,No,19,Yes,No,No,No,Yes,No,Yes
275,4.66,Long,M,No,19,Yes,Yes,No,No,No,Yes,No
276,4.74,Short,F,No,48,No,No,No,No,No,No,No
277,7.32,Long,M,No,22,Yes,Yes,No,No,No,No,No
278,3.41,Short,M,No,27,No,Yes,No,Yes,No,Yes,No
279,2.25,Medium,F,Yes,38,No,No,No,No,No,No,No
280,8.81,Long,F,No,41,Yes,No,No,No,No,No,No
281,3.53,Medium,F,No,37,Yes,Yes,No,No,No,Yes,No
282,9.54,Short,M,No,38,No,Yes,No,Yes,No,Yes,No
283,3.81,Medium,M,Yes,48,No,No,No,No,No,Yes,No
284,4.99,Long,F,No,20,No,No,No,No,No,No,No
285,4.83,Short,M,Yes,23,Yes,No,No,No,Yes,Yes,No
286,7.53,Long,M,Yes,26,Yes,Yes,Yes,No,No,Yes,No
287,5.21,Medium,M,Yes,52,Yes,Yes,No,No,No,Yes,No
288,7.89,Medium,M,Yes,40,No,No,No,Yes,No,No,No
289,8.87,Long,F,No,20,No,No,No,No,No,No,No
290,4.33,Medium,F,Yes,37,No,No,No,No,No,No,No
291,2.52,Medium,M,No,25,No,No,No,No,No,No,No
292,6.88,Short,F,Yes,50,Yes,No,No,No,Yes,No,Yes
293,6.87,Medium,M,Yes,19,No,No,No,No,No,No,No
294,2.26,Long,M,No,20,No,No,No,No,No,No,No
295,4.64,Short,M,Yes,47,No,No,No,No,Yes,No,No
296,3.44,Medium,M,No,45,Yes,No,No,No,No,Yes,No
297,6.26,Long,F,Yes,51,No,No,No,No,No,No,No
298,6.85,Short,F,No,44,Yes,Yes,No,No,Yes,Yes,No
299,4.46,Long,F,No,53,No,No,No,No,No,No,Yes
300,2.24,Medium,F,Yes,32,Yes,Yes,Yes,No,Yes,Yes,No
301,3.06,Short,F,No,54,Yes,No,No,No,No,No,No
302,8.98,Medium,M,No,35,No,Yes,No,No,No,Yes,No
303,7.35,Long,M,No,24,No,No,No,No,No,Yes,No
304,6.66,Short,F,Yes,22,No,Yes,No,No,No,Yes,No
305,2.67,Long,M,No,51,Yes,Yes,No,No,No,Yes,No
306,4.07,Medium,M,No,48,No,No,No,No,Yes,No,No
307,6.8,Long,F,Yes,43,No,No,No,Yes,Yes,No,No
308,3.93,Medium,M,No,22,Yes,Yes,No,No,No,Yes,No
309,7.89,Long,F,No,32,No,Yes,No,No,No,Yes,No
310,4.71,Long,F,No,40,No,No,No,No,No,No,No
311,8.55,Short,M,Yes,41,No,Yes,Yes,No,Yes,Yes,No
312,4.8,Medium,F,Yes,39,No,No,No,No,Yes,No,No
313,5.04,Medium,F,Yes,52,Yes,Yes,No,No,No,No,No
314,2.2,Medium,F,No,28,No,Yes,Yes,No,No,Yes,No
315,2.89,Medium,M,Yes,28,No,No,No,No,No,Yes,No
316,8.35,Medium,F,Yes,35,Yes,No,No,No,Yes,Yes,No
317,7.12,Short,F,No,55,No,No,No,No,No,No,No
318,7.85,Short,M,Yes,51,No,No,No,No,No,No,No
319,3.62,Medium,M,No,39,No,Yes,No,No,Yes,No,No
320,9.39,Long,F,No,41,No,No,No,No,Yes,No,No
321,8.27,Medium,F,No,47,No,No,No,No,No,No,No
322,3.13,Long,M,Yes,55,No,Yes,No,No,Yes,No,No
323,9.86,Long,F,No,36,No,No,No,Yes,No,No,No
324,3.83,Short,F,No,33,No,Yes,Yes,No,Yes,Yes,No
325,3.78,Medium,M,Yes,48,Yes,No,No,No,No,No,No
326,3.5,Long,F,No,46,No,Yes,Yes,Yes,Yes,Yes,Yes
327,7.39,Long,F,No,50,Yes,Yes,No,No,No,Yes,No
328,2.32,Medium,M,Yes,29,Yes,Yes,Yes,No,No,Yes,No
329,4.75,Medium,M,No,18,Yes,Yes,No,No,Yes,Yes,Yes
330,9.92,Medium,M,No,37,No,No,No,No,No,No,No
331,3.47,Short,F,Yes,46,No,No,No,No,Yes,Yes,No
332,8.42,Medium,F,Yes,47,No,No,No,No,No,No,No
333,6.97,Medium,F,No,39,No,No,No,No,No,No,Yes
334,8.31,Long,F,Yes,27,Yes,Yes,No,Yes,Yes,Yes,Yes
335,5.03,Long,F,Yes,24,Yes,No,No,No,No,No,No
336,4,Long,M,Yes,44,No,No,No,No,No,No,No
337,2.86,Short,M,No,46,Yes,No,No,No,No,Yes,No
338,7.31,Medium,F,Yes,29,Yes,No,No,No,No,Yes,No
339,8.58,Long,M,Yes,40,Yes,No,No,No,No,No,No
340,6.67,Medium,F,Yes,43,No,No,No,No,Yes,No,No
341,3.51,Medium,M,Yes,44,No,No,No,No,Yes,No,No
342,8.78,Medium,M,No,21,No,No,No,No,Yes,No,No
343,2.6,Medium,F,No,38,No,No,No,No,No,No,No
344,9.99,Short,F,No,29,No,No,No,No,No,Yes,No
345,3.4,Medium,F,Yes,26,Yes,No,Yes,No,No,Yes,No
346,5.78,Long,M,Yes,30,No,No,No,No,No,Yes,No
347,5.63,Long,M,Yes,26,No,No,No,No,Yes,No,No
348,8.04,Long,M,No,18,No,No,No,No,Yes,No,No
349,10.04,Medium,M,Yes,28,No,No,No,No,No,Yes,No
350,4.11,Long,M,No,23,Yes,Yes,No,No,Yes,No,No
351,3.15,Medium,M,No,29,No,No,No,Yes,No,No,No
352,6.28,Long,M,No,35,No,No,No,No,No,No,No
353,8.81,Medium,M,No,31,Yes,No,No,No,No,No,No
354,2.62,Long,F,No,55,Yes,No,No,No,Yes,No,No
355,2.77,Medium,F,Yes,51,No,No,No,No,No,No,No
356,5.13,Long,M,Yes,44,No,No,No,No,No,Yes,No
357,4.49,Medium,M,No,48,No,No,No,No,No,No,No
358,5.42,Medium,M,Yes,48,Yes,Yes,Yes,No,No,Yes,No
359,7.05,Medium,F,No,36,No,No,No,No,No,No,No
360,7.52,Medium,F,No,51,No,No,Yes,Yes,No,Yes,No
361,3.43,Long,F,No,19,No,No,No,No,No,Yes,No
362,5.37,Long,M,Yes,37,Yes,Yes,No,No,No,Yes,No
363,4.95,Long,F,No,23,Yes,No,No,No,Yes,No,No
364,7.26,Long,M,Yes,20,No,Yes,No,No,No,No,No
365,4.52,Medium,M,Yes,53,Yes,Yes,Yes,Yes,No,Yes,No
366,7.58,Medium,M,No,43,No,No,No,No,No,Yes,No
367,5.83,Short,M,No,21,Yes,Yes,Yes,No,No,Yes,No
368,7.38,Medium,F,Yes,47,No,No,No,Yes,No,No,Yes
369,4.46,Medium,F,No,29,Yes,No,No,No,Yes,No,No
370,6,Medium,F,Yes,45,No,No,No,No,Yes,No,No
371,5.63,Long,F,No,28,No,No,No,No,No,No,No
372,3.73,Medium,F,No,29,No,No,No,No,No,No,No
373,5.01,Medium,F,Yes,42,No,No,No,No,No,No,No
374,9.97,Long,F,No,37,Yes,Yes,No,No,Yes,Yes,No
375,7.46,Medium,F,Yes,30,No,No,No,No,No,Yes,No
376,8.67,Long,M,Yes,21,No,No,No,No,Yes,Yes,No
377,6.57,Long,M,Yes,37,Yes,No,Yes,No,No,Yes,No
378,4.31,Medium,M,No,41,Yes,Yes,No,No,No,Yes,Yes
379,6.01,Medium,M,No,27,Yes,Yes,Yes,No,No,Yes,No
380,7.09,Long,F,No,51,Yes,No,No,No,No,No,No
381,4.62,Long,F,No,50,No,No,No,No,Yes,No,No
382,9.06,Medium,M,No,30,Yes,Yes,Yes,No,No,Yes,No
383,4.04,Medium,M,No,24,No,No,No,No,No,Yes,No
384,3.5,Long,M,No,37,No,No,No,No,Yes,No,Yes
385,9.31,Short,M,No,39,No,Yes,Yes,Yes,No,Yes,No
386,7.66,Long,M,No,26,Yes,No,No,No,Yes,Yes,No
387,6.48,Medium,M,No,52,No,No,No,No,No,No,Yes
388,2.77,Long,M,No,31,No,No,No,No,Yes,No,No
389,6.15,Medium,F,No,48,No,No,No,No,No,No,No
390,5.23,Short,F,No,30,No,Yes,No,No,No,No,No
391,4.52,Long,M,No,33,Yes,No,No,No,Yes,No,Yes
392,9.71,Long,M,Yes,29,Yes,Yes,Yes,No,Yes,Yes,No
393,8.27,Medium,M,No,18,Yes,No,No,No,No,No,No
394,6.38,Short,F,Yes,24,No,No,No,No,No,No,No
395,8.89,Medium,M,No,43,No,Yes,No,No,No,Yes,No
396,4.27,Medium,M,No,37,No,No,No,No,No,Yes,No
397,8.95,Medium,M,Yes,29,No,No,No,No,Yes,No,No
398,3.92,Medium,M,No,24,No,No,No,No,Yes,Yes,Yes
399,3.96,Medium,M,Yes,54,No,No,No,No,No,No,No
400,3.48,Short,M,No,28,Yes,No,No,No,No,No,No
401,7.54,Long,M,No,25,No,Yes,No,No,Yes,Yes,No
402,4.65,Medium,M,Yes,19,No,No,No,No,No,No,No
403,7.16,Long,M,No,39,Yes,Yes,No,No,No,Yes,No
404,7.3,Short,F,Yes,25,Yes,No,No,No,No,No,No
405,6.57,Medium,F,No,32,No,Yes,No,No,No,No,No
406,4.83,Medium,M,Yes,23,Yes,No,No,Yes,No,No,No
407,6.66,Long,F,Yes,50,No,Yes,No,No,No,Yes,No
408,8.63,Medium,M,No,43,Yes,No,Yes,Yes,No,Yes,No
409,10.1,Medium,M,Yes,24,No,No,No,No,No,No,No
410,8.16,Long,M,Yes,34,No,No,No,No,No,No,No
411,5.29,Long,F,No,32,Yes,Yes,No,No,Yes,Yes,No
412,2.81,Short,F,No,31,No,No,Yes,No,Yes,Yes,Yes
413,3.57,Medium,F,No,37,No,No,No,No,Yes,No,No
414,4.33,Medium,M,Yes,30,No,Yes,No,No,No,Yes,No
415,4.29,Short,M,Yes,23,No,No,No,No,No,No,No
416,4.12,Medium,M,Yes,20,Yes,Yes,No,No,No,Yes,No
417,6.08,Medium,M,No,51,No,Yes,No,No,No,Yes,No
418,6.09,Medium,M,No,52,No,No,No,No,No,No,No
419,4.96,Medium,M,Yes,44,No,No,No,No,No,Yes,No
420,9.49,Long,M,No,26,No,No,No,No,No,No,No
421,2.22,Medium,M,Yes,43,No,No,No,No,No,Yes,No
422,6.65,Short,M,No,22,Yes,Yes,No,No,Yes,Yes,No
423,9.23,Long,F,No,33,No,No,No,No,Yes,No,No
424,2.24,Long,M,Yes,37,Yes,No,No,No,No,Yes,No
425,2.62,Long,F,Yes,31,No,No,No,No,Yes,No,No
426,3.37,Long,F,No,29,No,No,No,No,Yes,No,No
427,4.38,Short,M,Yes,23,No,No,Yes,No,Yes,Yes,No
428,5.04,Long,M,Yes,34,No,No,No,No,No,No,No
429,5.6,Short,F,No,43,No,No,No,Yes,Yes,Yes,No
430,6.79,Medium,F,No,23,No,No,No,No,No,No,No
431,9,Medium,M,No,35,Yes,No,No,No,No,No,No
432,9.19,Long,M,No,40,Yes,Yes,Yes,No,No,Yes,No
433,2.85,Medium,M,No,50,Yes,No,No,No,No,No,No
434,4.29,Long,F,No,24,Yes,No,No,No,No,No,No
435,6.22,Long,M,No,20,No,No,No,No,Yes,No,No
436,6.45,Long,F,Yes,53,No,No,No,No,No,No,No
437,9.37,Long,F,No,40,No,No,No,No,Yes,No,No
438,8.98,Long,F,Yes,32,Yes,No,No,No,No,Yes,No
439,7.92,Medium,F,No,32,Yes,No,No,No,No,No,No
440,5.48,Medium,M,Yes,18,No,No,No,No,No,No,No
441,2.51,Long,F,No,24,Yes,No,Yes,No,No,No,No
442,6.95,Long,M,No,42,No,No,Yes,No,No,Yes,No
443,9.73,Short,M,Yes,49,Yes,No,No,No,No,No,No
444,2.83,Short,F,No,31,Yes,No,No,No,Yes,No,No
445,8.3,Medium,F,No,55,Yes,No,No,Yes,Yes,Yes,Yes
446,8.25,Short,F,Yes,27,No,Yes,Yes,No,No,Yes,No
447,9.82,Medium,F,No,51,No,No,No,No,Yes,No,No
448,6.97,Long,M,Yes,30,No,No,No,No,Yes,No,No
449,4.76,Long,F,Yes,23,No,Yes,Yes,No,No,Yes,No
450,5.91,Medium,M,No,48,No,No,No,No,No,Yes,No
451,9.37,Long,M,Yes,46,Yes,Yes,Yes,No,Yes,Yes,No
452,4.1,Long,M,No,20,No,No,No,No,No,Yes,No
453,7.57,Short,M,Yes,42,Yes,No,No,No,No,No,No
454,8.14,Long,F,Yes,51,No,Yes,No,No,No,Yes,No
455,4.94,Medium,F,Yes,46,Yes,Yes,No,No,No,Yes,No
456,3.65,Long,M,Yes,29,No,No,No,No,No,Yes,No
457,5.89,Medium,F,Yes,54,No,No,No,No,No,No,Yes
458,5.19,Medium,M,No,24,No,No,No,No,Yes,No,Yes
459,6.59,Short,F,No,38,No,No,No,No,No,No,No
460,8.84,Medium,M,No,48,No,No,No,No,Yes,Yes,No
461,3.03,Long,M,No,26,Yes,Yes,No,No,No,Yes,No
462,3.83,Long,M,Yes,25,Yes,No,No,No,Yes,Yes,No
463,2.17,Medium,F,No,24,Yes,Yes,No,No,No,Yes,Yes
464,8.36,Long,M,No,49,No,Yes,No,No,No,Yes,Yes
465,2.99,Long,F,No,36,No,No,No,No,No,Yes,Yes
466,9.41,Medium,F,Yes,17,No,No,No,No,No,No,No
467,8.72,Medium,F,Yes,40,No,No,No,No,No,No,No
468,2.99,Long,F,No,27,No,No,No,No,No,No,No
469,9.88,Short,F,No,29,Yes,Yes,No,No,No,Yes,No
470,6.77,Short,M,No,53,Yes,No,No,Yes,Yes,No,Yes
471,8.03,Long,M,No,18,No,No,No,No,No,No,No
472,2.47,Short,M,No,21,No,No,No,No,No,No,No
473,6.39,Medium,M,No,49,No,No,No,No,No,Yes,No
474,5.97,Medium,F,Yes,49,Yes,No,Yes,No,Yes,No,No
475,2.91,Long,F,No,47,Yes,No,Yes,No,Yes,Yes,No
476,4.8,Short,F,No,43,No,No,No,No,Yes,No,No
477,2.54,Long,F,No,30,No,No,No,Yes,Yes,No,Yes
478,9.46,Long,M,No,34,No,No,No,No,No,No,No
479,5.63,Long,M,Yes,42,No,Yes,Yes,No,Yes,Yes,No
480,6.68,Medium,F,No,36,No,No,No,No,No,No,No
481,8.62,Short,M,No,48,Yes,No,No,No,No,Yes,No
482,3.95,Long,F,Yes,41,No,No,No,No,No,No,No
483,8.3,Medium,F,No,54,No,No,No,No,No,No,No
484,2.21,Medium,F,Yes,29,No,No,No,No,Yes,No,No
485,3.1,Long,F,Yes,24,Yes,Yes,Yes,No,Yes,Yes,Yes
486,4.58,Long,M,Yes,21,Yes,Yes,No,No,No,Yes,No
487,8.57,Long,M,Yes,27,Yes,No,No,Yes,Yes,No,No
488,3.78,Medium,M,Yes,52,No,No,No,No,No,Yes,No
489,3.72,Medium,F,No,35,No,No,No,No,No,No,No
490,9.23,Medium,M,No,51,No,No,No,No,No,No,No
491,9.6,Medium,F,No,43,No,No,No,No,Yes,No,Yes
492,2.97,Medium,M,No,38,No,No,No,No,No,Yes,No
493,3.7,Short,M,Yes,38,No,No,No,No,No,No,Yes
494,5.34,Long,M,No,19,Yes,No,No,No,No,No,Yes
495,6.26,Short,F,No,40,Yes,No,No,No,Yes,No,Yes
496,9.09,Short,F,No,50,No,No,No,No,No,Yes,No
497,3.94,Medium,M,Yes,54,Yes,No,No,No,No,Yes,No
498,9.26,Medium,M,No,36,No,Yes,Yes,Yes,No,Yes,Yes
499,10.01,Medium,F,Yes,50,No,No,Yes,No,Yes,Yes,Yes
500,5.51,Long,F,No,29,No,Yes,No,No,No,No,No
501,7.39,Long,M,No,39,Yes,Yes,No,No,No,Yes,No
502,7.57,Long,M,Yes,48,No,No,No,Yes,No,No,No
503,5.33,Long,F,No,52,No,Yes,No,Yes,No,Yes,No
504,9.3,Short,F,No,28,Yes,Yes,Yes,No,No,No,No
505,7.48,Long,F,Yes,29,No,No,No,No,No,Yes,No
506,2.84,Medium,F,Yes,49,Yes,Yes,No,No,No,Yes,No
507,8.53,Long,M,No,35,No,No,No,Yes,Yes,No,No
508,4.62,Long,M,No,27,No,No,No,No,Yes,No,No
509,5.2,Long,F,No,26,No,No,No,No,No,No,Yes
510,2.43,Long,M,Yes,23,No,No,No,No,No,No,No
511,3.69,Short,F,Yes,21,No,No,No,No,No,Yes,No
512,4.54,Medium,M,Yes,27,Yes,Yes,Yes,No,No,Yes,No
513,6.18,Medium,F,No,22,Yes,No,Yes,No,Yes,No,No
514,6.65,Long,M,Yes,39,No,No,No,No,No,No,No
515,5.16,Long,F,No,48,No,Yes,No,No,Yes,No,No
516,7.1,Medium,M,Yes,20,Yes,Yes,No,No,Yes,Yes,No
517,8.1,Medium,M,No,24,Yes,Yes,Yes,No,No,Yes,Yes
518,3.54,Long,M,Yes,44,Yes,No,No,No,No,No,No
519,6.11,Long,F,No,48,No,No,No,No,No,No,No
520,2.73,Short,F,No,47,Yes,No,No,Yes,Yes,No,Yes
521,9.96,Short,M,No,49,No,No,No,No,No,Yes,Yes
522,2.69,Medium,F,Yes,53,Yes,Yes,No,No,No,Yes,No
523,5.97,Medium,F,Yes,45,Yes,No,Yes,No,Yes,Yes,No
524,8.65,Medium,M,No,51,No,No,No,No,No,No,No
525,7.07,Medium,F,No,54,No,No,No,No,No,No,No
526,6.12,Long,F,No,50,Yes,Yes,Yes,No,No,No,No
527,2.92,Medium,M,Yes,43,No,No,No,No,No,Yes,No
528,2.38,Short,F,No,20,No,No,No,No,No,No,No
529,5.75,Long,F,No,26,Yes,Yes,Yes,No,No,Yes,Yes
530,9.98,Long,M,Yes,20,Yes,Yes,Yes,No,Yes,Yes,No
531,2.59,Long,M,No,46,No,No,No,No,Yes,No,No
532,7.96,Medium,F,Yes,52,No,Yes,No,No,No,Yes,Yes
533,7.54,Long,F,Yes,31,Yes,No,Yes,No,No,Yes,No
534,7.22,Short,M,No,51,No,No,No,Yes,Yes,No,Yes
535,3.57,Long,F,No,49,No,No,No,No,No,No,No
536,8.18,Long,M,Yes,47,No,No,No,No,No,No,No
537,5.67,Long,F,No,34,Yes,No,No,No,Yes,No,No
538,5.79,Medium,F,No,26,Yes,No,No,No,No,No,No
539,6.69,Medium,F,No,26,Yes,No,No,No,No,No,No
540,7.29,Long,M,No,41,No,No,No,No,No,No,No
541,8.34,Medium,M,Yes,39,No,No,No,No,No,Yes,No
542,5.92,Medium,M,Yes,28,No,No,No,No,No,No,No
543,4.73,Long,F,Yes,24,Yes,No,No,No,No,No,No
544,2.81,Short,M,Yes,23,Yes,No,No,No,No,No,Yes
545,2.26,Medium,F,No,23,No,Yes,No,No,No,Yes,No
546,6.89,Medium,F,No,31,No,No,No,No,No,No,No
547,3.87,Medium,F,No,45,No,No,No,No,No,No,No
548,8.32,Medium,F,No,45,No,No,No,No,No,Yes,No
549,10.07,Long,M,Yes,21,Yes,Yes,Yes,Yes,No,Yes,No
550,6.5,Medium,F,No,43,Yes,No,No,No,No,Yes,No
551,4.17,Long,M,Yes,51,Yes,Yes,No,No,No,No,No
552,8.11,Medium,M,No,21,Yes,No,No,No,No,Yes,No
553,2.5,Long,F,Yes,49,Yes,Yes,No,No,Yes,Yes,No
554,3.01,Long,M,Yes,56,Yes,No,No,No,No,No,No
555,4.62,Short,M,No,32,No,Yes,No,Yes,No,Yes,Yes
556,5.98,Short,M,Yes,55,No,No,No,No,No,No,No
557,2.44,Short,M,No,39,Yes,Yes,Yes,No,No,Yes,No
558,8.04,Long,F,Yes,38,Yes,No,Yes,No,Yes,No,No
559,3.82,Medium,M,Yes,52,No,No,No,No,Yes,No,No
560,8.06,Short,F,Yes,39,Yes,Yes,No,No,No,Yes,No
561,2.99,Medium,M,Yes,24,No,No,No,No,No,No,No
562,8.94,Short,F,No,34,Yes,No,No,No,No,No,No
563,2.19,Medium,M,No,37,Yes,No,No,No,No,No,No
564,2.4,Medium,F,No,53,No,No,Yes,No,No,Yes,No
565,8.63,Long,M,Yes,38,Yes,No,No,No,Yes,Yes,No
566,6.26,Medium,F,Yes,40,Yes,No,No,No,Yes,Yes,No
567,4.33,Short,M,Yes,32,No,No,No,No,No,No,No
568,4.52,Long,M,No,22,Yes,No,No,No,No,No,Yes
569,4.33,Medium,M,Yes,35,Yes,No,No,No,No,No,No
570,6,Long,M,Yes,43,No,No,No,No,No,No,No
571,5.91,Short,M,No,20,No,No,No,No,No,No,No
572,3.39,Long,F,Yes,35,Yes,No,No,No,No,No,No
573,9.46,Long,F,Yes,49,No,No,No,No,Yes,No,No
574,8.24,Medium,F,Yes,29,No,No,No,Yes,Yes,No,Yes
575,5.97,Short,M,Yes,32,No,No,No,No,No,No,No
576,3.65,Short,F,No,38,No,No,No,No,No,No,Yes
577,5.1,Long,F,No,47,No,No,No,No,No,No,No
578,8.04,Medium,F,No,26,No,No,No,No,No,No,No
579,7.09,Long,F,No,52,No,No,No,No,No,No,No
580,7.44,Long,F,No,26,Yes,No,No,No,No,Yes,No
581,7.11,Short,F,No,51,No,Yes,Yes,No,Yes,Yes,No
582,6.12,Short,M,Yes,52,No,No,No,Yes,No,No,No
583,2.41,Short,M,No,44,No,No,No,No,No,No,No
584,4.16,Long,M,Yes,45,Yes,Yes,No,No,Yes,Yes,No
585,8.93,Medium,M,Yes,30,Yes,No,No,No,No,No,No
586,4.42,Long,F,No,50,Yes,No,No,No,Yes,Yes,Yes
587,5.53,Long,F,No,32,No,No,No,No,No,No,No
588,2.88,Short,F,No,45,No,No,No,No,No,No,No
589,9.44,Short,F,No,30,Yes,No,No,No,No,No,No
590,9.97,Short,M,No,54,Yes,No,Yes,No,No,Yes,No
591,7.78,Medium,M,No,36,No,No,No,No,Yes,No,No
592,7.02,Short,F,No,32,Yes,No,No,Yes,No,No,Yes
593,3.21,Medium,M,No,30,No,No,No,No,No,Yes,No
594,6.53,Medium,M,No,49,Yes,Yes,No,Yes,Yes,No,No
595,4.64,Medium,F,Yes,22,Yes,Yes,No,No,Yes,Yes,No
596,3.58,Long,F,No,21,No,No,No,No,No,Yes,No
597,2.13,Short,M,Yes,50,Yes,No,No,Yes,No,Yes,No
598,7,Long,F,Yes,25,No,No,No,No,No,Yes,No
599,7.22,Long,F,No,20,Yes,Yes,No,No,Yes,Yes,No
600,8.99,Medium,F,Yes,30,No,No,Yes,No,No,No,No
601,2.18,Medium,F,No,24,No,Yes,Yes,No,No,Yes,Yes
602,7.13,Short,F,Yes,51,No,No,Yes,No,No,No,No
603,2.08,Short,F,Yes,49,Yes,Yes,No,No,Yes,No,No
604,7.29,Short,F,No,20,No,No,No,No,No,No,No
605,5.31,Short,M,Yes,28,No,No,No,No,No,No,No
606,7.29,Long,M,No,24,Yes,No,Yes,No,No,No,No
607,2.93,Long,M,No,22,No,No,No,No,No,No,Yes
608,8.32,Long,F,Yes,24,No,No,No,No,No,No,No
609,8.67,Medium,M,No,32,No,No,No,No,No,Yes,No
610,2.12,Medium,M,Yes,51,No,Yes,Yes,No,No,Yes,No
611,5.19,Short,F,Yes,29,Yes,Yes,No,No,No,Yes,No
612,6.5,Medium,F,No,24,No,No,No,No,Yes,No,No
613,6.69,Long,M,Yes,24,No,No,No,No,No,No,No
614,9.04,Medium,F,Yes,34,No,No,No,No,No,No,No
615,2.68,Short,M,Yes,22,Yes,Yes,Yes,No,No,Yes,No
616,9.71,Long,F,No,38,No,No,No,No,No,No,No
617,2.81,Medium,F,Yes,31,No,No,No,No,No,No,Yes
618,2.42,Medium,M,Yes,35,Yes,Yes,No,No,No,No,No
619,7.6,Short,F,Yes,44,No,Yes,Yes,Yes,Yes,Yes,No
620,4.97,Medium,F,No,29,No,No,No,No,No,No,No
621,10.02,Medium,F,Yes,26,Yes,Yes,Yes,No,No,Yes,No
622,3.48,Short,F,No,50,Yes,Yes,No,No,No,Yes,No
623,9.91,Short,F,No,27,No,No,No,No,No,No,No
624,7.36,Long,F,Yes,30,No,No,No,No,No,No,No
625,4.47,Short,F,Yes,25,Yes,Yes,Yes,Yes,Yes,Yes,Yes
626,6.05,Medium,F,Yes,22,No,No,No,No,No,No,Yes
627,6.52,Medium,M,No,21,No,No,No,No,No,No,No
628,3.83,Long,M,Yes,30,Yes,Yes,Yes,No,Yes,Yes,No
629,3.59,Short,F,Yes,49,Yes,No,No,No,No,No,No
630,2.19,Long,M,Yes,47,No,No,No,No,Yes,No,No
631,8.69,Medium,F,Yes,34,No,Yes,Yes,No,No,No,No
632,5.19,Medium,F,No,47,Yes,Yes,No,No,No,No,No
633,2.44,Medium,M,Yes,35,Yes,Yes,Yes,No,No,Yes,Yes
634,8.84,Long,M,Yes,35,No,No,No,No,No,No,No
635,8.16,Medium,M,No,45,No,No,No,No,Yes,No,No
636,5.99,Medium,F,No,29,No,No,No,No,No,No,No
637,9.3,Medium,M,No,48,Yes,Yes,No,No,Yes,Yes,No
638,9.05,Short,F,Yes,50,No,Yes,No,No,No,Yes,No
639,3.48,Short,M,No,28,No,No,No,No,No,No,No
640,6.15,Long,M,No,34,No,Yes,Yes,No,No,Yes,No
641,8.15,Long,M,Yes,38,Yes,No,Yes,No,No,No,No
642,9.39,Long,F,No,42,Yes,No,No,No,Yes,No,No
643,7.33,Medium,F,No,21,No,No,No,No,Yes,No,No
644,9.09,Short,F,Yes,45,Yes,Yes,Yes,No,Yes,Yes,Yes
645,8.53,Long,M,No,38,No,No,No,No,Yes,Yes,No
646,2.45,Long,F,No,33,No,No,No,No,No,No,No
647,6.47,Long,M,Yes,42,Yes,No,No,No,Yes,No,No
648,8.72,Medium,M,No,24,Yes,Yes,No,No,No,Yes,No
649,5.3,Medium,F,No,36,Yes,Yes,No,No,No,No,No
650,7.53,Medium,F,No,41,No,No,No,No,No,Yes,No
651,7.8,Medium,M,Yes,33,Yes,Yes,Yes,No,No,No,Yes
652,6.84,Long,F,Yes,45,No,No,No,No,No,Yes,No
653,2.19,Long,M,No,26,No,No,No,No,No,Yes,No
654,3.8,Medium,M,Yes,22,No,No,No,No,No,No,No
655,5.49,Long,F,Yes,22,No,No,No,No,No,No,No
656,8.49,Long,M,Yes,37,Yes,Yes,No,No,No,No,Yes
657,3.41,Long,F,Yes,36,No,No,Yes,No,Yes,Yes,No
658,4.63,Long,M,Yes,28,Yes,Yes,Yes,No,No,No,No
659,2.93,Medium,M,No,46,Yes,No,No,No,Yes,No,No
660,7.1,Short,M,No,54,Yes,Yes,Yes,No,No,Yes,No
661,6.58,Long,F,Yes,52,No,No,No,Yes,No,No,Yes
662,8.82,Long,F,No,33,Yes,No,No,No,Yes,No,Yes
663,8.95,Short,F,No,33,Yes,No,No,No,No,No,No
664,6.53,Medium,M,No,47,No,No,No,No,Yes,No,Yes
665,2.94,Long,F,Yes,45,Yes,Yes,No,No,No,Yes,No
666,5.62,Long,F,No,21,No,No,No,No,No,No,No
667,2.85,Long,F,Yes,46,No,No,No,No,No,No,No
668,2.78,Medium,F,Yes,47,No,No,No,No,Yes,No,No
669,6.75,Medium,F,Yes,43,Yes,No,No,No,Yes,No,No
670,2.5,Medium,F,No,50,No,No,No,Yes,Yes,No,No
671,6.85,Short,F,No,44,No,No,No,No,No,Yes,No
672,2.47,Medium,M,No,26,No,No,No,No,No,No,Yes
673,4.87,Short,M,No,51,Yes,No,No,No,Yes,Yes,No
674,5.89,Short,F,Yes,33,Yes,Yes,Yes,No,No,Yes,No
675,5.58,Long,M,No,42,Yes,No,No,No,No,No,No
676,5.13,Long,F,Yes,23,No,Yes,No,No,Yes,No,No
677,5.62,Medium,M,Yes,33,No,Yes,Yes,Yes,No,Yes,Yes
678,9.32,Long,F,Yes,49,No,No,No,Yes,No,No,No
679,3.8,Long,F,Yes,43,Yes,Yes,Yes,No,No,Yes,No
680,4.97,Medium,M,Yes,41,No,No,No,No,Yes,No,No
681,3.95,Medium,F,No,47,No,No,No,No,No,No,No
682,4.02,Short,M,No,27,Yes,Yes,Yes,No,No,Yes,No
683,3.08,Long,M,Yes,42,No,Yes,Yes,Yes,Yes,Yes,Yes
684,9.3,Long,M,Yes,40,No,No,No,No,No,No,No
685,4.63,Short,F,Yes,22,No,No,No,No,No,Yes,No
686,4.16,Medium,F,No,43,No,No,No,No,No,No,No
687,4.19,Long,F,Yes,20,Yes,No,No,No,No,No,No
688,4.95,Short,F,No,30,Yes,Yes,No,No,No,Yes,No
689,9.42,Medium,F,Yes,20,No,No,No,No,Yes,No,No
690,3.37,Long,F,Yes,40,No,No,No,No,No,No,Yes
691,5.43,Short,F,No,26,Yes,No,No,No,Yes,No,No
692,3.2,Short,F,Yes,31,Yes,No,No,No,No,No,Yes
693,2.35,Long,M,No,18,Yes,Yes,Yes,No,No,Yes,No
694,2.87,Medium,M,No,55,Yes,Yes,Yes,No,No,Yes,No
695,7.32,Medium,F,Yes,28,No,No,No,No,No,No,No
696,3.67,Short,F,Yes,51,Yes,No,No,No,Yes,Yes,No
697,3.35,Long,M,No,30,No,Yes,No,No,Yes,Yes,Yes
698,6.01,Medium,F,Yes,25,No,No,No,No,No,No,No
699,8.42,Short,M,Yes,42,Yes,No,No,No,No,Yes,No
700,3.26,Long,M,No,28,Yes,No,No,No,Yes,Yes,No
701,3.14,Long,F,Yes,21,No,No,No,No,No,No,No
702,8.63,Long,M,No,36,Yes,No,Yes,No,Yes,Yes,Yes
703,8.35,Long,F,Yes,48,No,No,No,No,No,Yes,No
704,6.12,Medium,M,Yes,39,No,No,No,No,Yes,Yes,No
705,8.67,Medium,M,No,37,Yes,No,No,No,No,Yes,No
706,4.19,Long,F,Yes,32,Yes,No,No,No,No,No,No
707,3.32,Long,F,Yes,46,No,No,No,No,No,No,Yes
708,6.33,Short,F,Yes,43,No,Yes,No,No,Yes,Yes,No
709,5.78,Long,M,No,30,No,No,No,No,No,No,No
710,3.32,Medium,F,No,25,No,No,No,No,No,Yes,No
711,9.5,Long,F,Yes,32,No,No,No,No,No,No,No
712,5.33,Short,M,Yes,45,No,Yes,Yes,No,Yes,Yes,Yes
713,2.65,Long,F,No,40,No,No,No,No,No,No,No
714,3.38,Medium,M,No,47,Yes,No,No,No,No,No,No
715,2.98,Short,F,No,33,Yes,No,No,No,Yes,Yes,Yes
716,3.5,Medium,M,No,46,Yes,No,No,No,No,No,No
717,6.37,Long,F,Yes,30,No,No,No,No,No,No,No
718,8.4,Short,M,No,25,No,No,No,No,Yes,No,No
719,8.76,Short,M,Yes,40,No,Yes,No,No,Yes,No,No
720,8.76,Short,F,Yes,29,No,Yes,No,No,No,Yes,No
721,7.59,Short,F,No,50,No,No,No,No,No,Yes,No
722,3,Medium,F,Yes,23,No,No,No,No,Yes,No,No
723,4.55,Long,F,Yes,36,Yes,No,No,No,Yes,No,Yes
724,3.16,Long,M,No,30,No,Yes,No,No,No,Yes,No
725,2.85,Long,M,No,34,No,No,No,No,No,No,No
726,5.46,Long,F,Yes,43,No,Yes,No,No,No,Yes,No
727,8.98,Short,F,Yes,42,No,No,No,No,No,No,No
728,7.13,Medium,F,No,41,Yes,No,No,No,No,No,No
729,3.95,Medium,F,No,44,Yes,No,No,No,No,No,Yes
730,8.12,Long,M,Yes,39,Yes,No,No,No,No,Yes,No
731,3.64,Long,M,Yes,47,No,No,No,No,No,No,No
732,6.83,Medium,M,Yes,40,Yes,Yes,No,No,No,Yes,No
733,8.68,Short,M,Yes,39,Yes,No,Yes,No,Yes,Yes,No
734,6.88,Medium,F,Yes,29,No,No,No,No,Yes,No,No
735,2.92,Medium,F,Yes,53,No,Yes,No,No,No,Yes,No
736,2.03,Short,M,Yes,23,No,No,No,No,Yes,No,No
737,10.04,Long,M,Yes,26,Yes,Yes,Yes,No,No,Yes,Yes
738,2.22,Medium,F,No,28,No,No,No,No,No,Yes,No
739,3.32,Long,F,Yes,42,Yes,Yes,Yes,Yes,Yes,No,Yes
740,3.44,Long,F,No,48,Yes,No,No,Yes,No,Yes,Yes
741,7.88,Long,F,Yes,49,No,No,No,No,No,No,No
742,2.32,Medium,F,Yes,44,No,No,No,No,No,No,No
743,9.96,Medium,M,No,32,No,No,No,No,No,Yes,No
744,6.99,Long,F,No,26,Yes,Yes,Yes,No,No,Yes,Yes
745,4.78,Medium,F,No,29,No,No,No,No,Yes,No,No
746,6.25,Long,M,No,33,No,No,No,No,No,No,No
747,2.75,Medium,F,Yes,53,Yes,No,No,No,No,No,No
748,5.02,Long,M,No,54,No,Yes,No,No,No,Yes,No
749,5.16,Long,M,Yes,29,Yes,Yes,No,No,No,Yes,No
750,6.8,Long,M,No,55,Yes,No,Yes,No,Yes,Yes,No
751,4.68,Long,F,Yes,30,Yes,No,No,No,Yes,No,No
752,5.67,Long,F,No,32,No,No,No,No,Yes,No,No
753,2.24,Long,M,No,24,No,No,No,Yes,Yes,No,Yes
754,6.49,Long,M,Yes,36,No,No,No,No,No,No,No
755,2.68,Long,M,No,51,Yes,No,No,No,No,No,Yes
756,2.2,Short,F,Yes,29,No,No,No,No,Yes,Yes,No
757,4.09,Long,M,Yes,24,Yes,No,No,No,Yes,No,Yes
758,7.72,Short,F,No,26,Yes,No,No,No,No,No,No
759,4.44,Long,M,No,22,Yes,Yes,Yes,No,No,Yes,No
760,2.85,Short,F,No,31,Yes,Yes,Yes,No,No,Yes,No
761,4.26,Long,M,No,37,No,No,No,No,No,No,No
762,2.59,Medium,F,No,37,No,No,No,No,Yes,No,No
763,9.64,Long,M,No,54,No,No,Yes,No,No,Yes,No
764,7.51,Long,F,No,22,No,No,No,No,No,No,Yes
765,5.21,Short,F,Yes,31,No,No,No,No,Yes,No,No
766,3.77,Short,M,Yes,56,Yes,Yes,No,No,No,Yes,Yes
767,7.84,Long,F,Yes,27,No,No,No,No,No,No,No
768,6.78,Medium,F,Yes,23,No,No,No,No,No,No,No
769,8.23,Medium,M,Yes,36,Yes,Yes,Yes,No,No,Yes,No
770,2.53,Short,M,No,55,No,Yes,Yes,No,No,No,Yes
771,6.14,Medium,F,Yes,26,Yes,No,Yes,Yes,Yes,Yes,No
772,8.58,Medium,M,Yes,32,No,Yes,Yes,No,Yes,Yes,No
773,7.61,Short,F,No,27,Yes,Yes,No,No,No,Yes,No
774,4.39,Medium,F,Yes,37,No,No,No,No,Yes,No,No
775,5.13,Long,M,Yes,34,Yes,Yes,Yes,No,No,Yes,Yes
776,5.49,Long,F,Yes,38,No,No,No,No,No,No,No
777,5.78,Short,M,Yes,51,No,No,No,No,Yes,No,Yes
778,9.86,Medium,M,Yes,22,Yes,Yes,No,No,No,Yes,No
779,7.83,Long,M,No,27,No,No,No,No,No,No,No
780,3.1,Medium,F,Yes,25,Yes,Yes,Yes,No,Yes,Yes,No
781,3.74,Medium,M,No,52,No,No,No,No,No,Yes,Yes
782,6.46,Short,F,No,35,Yes,No,No,No,Yes,No,No
783,9.78,Long,F,Yes,43,No,Yes,No,No,No,No,No
784,7.83,Long,F,Yes,42,No,Yes,No,No,Yes,No,No
785,5.33,Long,F,No,54,Yes,Yes,Yes,No,Yes,Yes,No
786,8.83,Long,F,No,36,No,No,Yes,No,Yes,Yes,Yes
787,2.65,Short,F,No,48,Yes,Yes,Yes,No,No,Yes,No
788,9.81,Short,F,No,51,No,Yes,No,Yes,No,Yes,No
789,4.21,Medium,M,No,38,No,No,No,No,No,No,No
790,3.3,Medium,F,No,52,No,No,No,No,Yes,No,Yes
791,8.17,Medium,M,Yes,36,Yes,No,Yes,No,No,No,No
792,8.28,Long,F,Yes,45,No,No,No,No,No,No,No
793,2.13,Short,F,No,44,Yes,No,No,No,No,Yes,No
794,4.29,Medium,M,Yes,38,No,No,No,No,No,No,No
795,2.19,Long,M,No,24,No,Yes,No,No,No,No,No
796,5.2,Long,F,No,54,No,Yes,No,No,No,Yes,No
797,3.03,Long,M,Yes,40,No,No,No,No,Yes,No,No
798,3.84,Long,F,Yes,41,No,No,No,No,No,No,No
799,6.42,Long,M,Yes,38,No,No,No,No,No,No,Yes
800,2.72,Long,F,No,32,Yes,No,No,Yes,Yes,No,Yes
801,8.62,Long,M,No,37,No,Yes,Yes,Yes,Yes,Yes,Yes
802,4.55,Long,M,No,29,No,Yes,No,No,No,Yes,No
803,3.09,Long,F,No,27,No,No,No,No,No,No,No
804,6.45,Short,F,Yes,55,No,No,No,No,No,No,No
805,3.35,Long,M,Yes,24,No,No,No,No,Yes,No,No
806,8.92,Short,F,No,50,Yes,No,No,No,No,Yes,Yes
807,9.35,Medium,M,Yes,53,No,No,No,No,Yes,Yes,Yes
808,7.08,Medium,F,Yes,31,No,No,No,No,Yes,No,No
809,6.05,Long,F,No,49,No,No,No,No,No,No,No
810,6.05,Medium,M,Yes,34,No,No,No,No,No,No,No
811,2.99,Short,M,No,31,Yes,Yes,Yes,No,No,Yes,No
812,9.02,Long,F,Yes,35,No,No,No,No,No,No,No
813,2.66,Short,F,No,47,No,No,No,No,Yes,Yes,No
814,6.51,Long,M,No,29,No,No,No,No,No,Yes,No
815,8.96,Long,F,No,37,No,No,No,No,No,Yes,No
816,8.69,Medium,F,Yes,36,No,No,Yes,No,No,No,No
817,6.03,Medium,M,No,40,No,No,No,No,No,No,No
818,7.37,Long,M,Yes,48,No,No,No,No,No,Yes,No
819,2.2,Short,M,Yes,25,Yes,Yes,No,No,No,Yes,No
820,2.28,Long,F,Yes,40,Yes,No,No,No,No,No,No
821,2.48,Long,F,No,45,Yes,Yes,No,No,No,Yes,No
822,4.87,Short,F,No,41,Yes,No,No,No,No,No,No
823,3.65,Short,F,Yes,22,Yes,Yes,Yes,No,No,Yes,No
824,6.07,Medium,F,Yes,48,No,No,No,Yes,Yes,Yes,Yes
825,7.2,Long,M,Yes,52,Yes,No,No,No,Yes,No,No
826,4.51,Medium,M,Yes,24,Yes,No,Yes,No,No,Yes,No
827,2.38,Short,F,No,47,No,No,No,No,Yes,No,Yes
828,2.64,Long,F,Yes,35,Yes,No,No,No,No,No,No
829,9.57,Long,M,No,26,Yes,Yes,No,No,No,Yes,No
830,3.69,Medium,M,Yes,52,No,No,No,No,No,No,No
831,5.8,Long,F,Yes,52,Yes,No,Yes,No,No,Yes,No
832,4.03,Long,F,Yes,52,No,No,No,No,Yes,No,No
833,3,Medium,F,Yes,35,No,No,No,No,No,No,No
834,3.1,Short,M,No,25,No,No,No,No,No,No,No
835,5.39,Medium,M,No,45,No,No,No,No,No,No,No
836,2.68,Long,F,No,37,Yes,No,No,No,No,No,No
837,4.18,Long,M,Yes,21,No,No,No,No,No,No,No
838,4.3,Long,M,Yes,20,No,No,No,No,No,No,No
839,2.93,Medium,F,Yes,34,No,No,No,No,No,No,No
840,4.65,Long,F,Yes,49,Yes,Yes,No,No,No,Yes,No
841,9.87,Long,M,Yes,28,No,No,No,No,No,No,No
842,9.18,Long,F,Yes,47,No,No,No,No,No,Yes,No
843,7.92,Medium,F,No,32,No,No,No,No,No,Yes,No
844,4.99,Medium,F,No,27,No,Yes,No,No,No,No,Yes
845,7.89,Medium,F,Yes,53,No,No,No,Yes,No,No,No
846,6.56,Medium,F,No,41,No,No,No,No,No,Yes,No
847,3.75,Short,F,No,47,No,No,No,No,Yes,No,No
848,5.13,Long,F,Yes,25,No,No,No,No,No,No,No
849,2.9,Long,F,No,45,No,Yes,No,No,Yes,Yes,No
850,6.88,Long,M,No,42,Yes,Yes,Yes,No,Yes,Yes,Yes
851,8.63,Medium,F,No,44,No,No,No,No,No,No,No
852,2.81,Medium,F,Yes,37,Yes,No,No,No,No,No,No
853,4.98,Medium,F,No,41,No,No,No,No,No,Yes,No
854,8.03,Long,F,No,39,Yes,Yes,Yes,No,No,Yes,No
855,5.93,Short,F,Yes,29,No,No,No,No,No,No,No
856,4.1,Long,M,No,22,No,No,No,No,No,No,No
857,2.81,Medium,F,Yes,47,No,Yes,Yes,No,No,Yes,No
858,2.66,Long,F,Yes,31,No,No,No,No,No,No,No
859,8.83,Short,F,No,49,No,No,No,No,No,No,No
860,3.63,Short,F,No,18,No,No,No,No,No,No,No
861,3.47,Long,F,Yes,55,No,No,No,No,Yes,No,Yes
862,5.96,Long,F,No,48,No,No,No,No,Yes,No,No
863,2.82,Long,F,Yes,50,No,No,No,Yes,Yes,No,No
864,6.14,Long,M,No,32,No,No,No,No,Yes,No,No
865,4.52,Medium,F,Yes,24,Yes,No,No,No,Yes,No,No
866,7.45,Long,F,Yes,52,Yes,No,No,Yes,Yes,No,No
867,2.73,Medium,M,Yes,52,Yes,Yes,Yes,No,No,Yes,No
868,7.59,Long,F,No,50,No,No,No,No,No,No,No
869,4.17,Medium,M,Yes,20,No,No,No,No,Yes,Yes,No
870,8.45,Long,F,No,41,No,No,Yes,No,No,No,No
871,5.78,Medium,M,Yes,55,Yes,No,No,Yes,Yes,No,Yes
872,3.63,Medium,M,Yes,27,No,Yes,No,No,Yes,No,Yes
873,6.37,Short,M,Yes,34,No,No,No,No,No,No,No
874,6.34,Short,F,No,38,No,Yes,No,No,No,No,No
875,6.13,Long,M,Yes,53,Yes,No,Yes,No,No,Yes,No
876,5.07,Long,M,No,54,No,No,No,No,No,No,No
877,4.03,Medium,M,No,52,No,No,No,No,No,Yes,No
878,5.8,Long,F,Yes,54,No,No,No,No,Yes,No,No
879,2.54,Long,F,No,32,Yes,No,No,No,No,Yes,No
880,9.25,Medium,F,Yes,22,Yes,No,No,No,No,No,Yes
881,8.07,Long,F,No,25,Yes,Yes,No,No,Yes,Yes,No
882,7.15,Short,M,No,29,Yes,Yes,Yes,No,Yes,No,Yes
883,2.3,Short,F,No,21,No,No,No,No,No,No,No
884,5.2,Long,F,Yes,55,No,Yes,No,No,No,No,No
885,3.43,Medium,F,Yes,43,No,No,No,Yes,No,No,No
886,7.73,Short,F,No,47,Yes,Yes,Yes,No,No,Yes,No
887,2.24,Medium,M,Yes,50,Yes,No,No,No,No,No,No
888,8.36,Medium,F,Yes,54,No,No,No,Yes,No,No,No
889,6.87,Short,F,Yes,50,Yes,Yes,Yes,No,No,Yes,No
890,9.42,Long,M,Yes,42,Yes,No,No,No,No,Yes,No
891,7.41,Medium,F,Yes,26,No,No,No,No,No,No,No
892,4.37,Medium,F,Yes,27,Yes,No,No,No,No,No,No
893,6.88,Medium,F,Yes,44,No,No,No,No,No,No,No
894,4.03,Medium,M,No,52,Yes,No,No,No,No,No,No
895,6.33,Long,F,Yes,45,Yes,No,Yes,Yes,Yes,No,No
896,8.61,Long,M,Yes,44,No,No,No,No,No,No,No
897,8.45,Medium,F,No,53,Yes,Yes,Yes,No,No,Yes,Yes
898,8.74,Medium,F,Yes,40,Yes,No,No,No,No,No,No
899,5.39,Long,M,Yes,35,Yes,No,No,Yes,Yes,No,No
900,8.58,Long,M,No,33,No,No,No,No,No,No,Yes
901,7.8,Medium,M,No,21,Yes,No,No,No,No,No,No
902,2.63,Long,F,Yes,51,No,No,No,No,Yes,No,No
903,10.03,Short,F,No,24,No,Yes,No,No,No,Yes,No
904,5.6,Short,F,No,42,No,No,No,Yes,Yes,No,Yes
905,7.14,Long,F,Yes,26,No,No,No,Yes,Yes,No,No
906,9.33,Long,F,No,41,No,No,No,No,Yes,No,No
907,7.42,Medium,F,Yes,44,No,No,No,No,No,No,No
908,4.53,Long,F,Yes,32,Yes,Yes,No,No,No,No,No
909,3.11,Medium,M,No,27,Yes,No,Yes,Yes,Yes,No,Yes
910,4.22,Long,F,Yes,46,Yes,Yes,No,No,Yes,No,No
911,2.05,Long,F,No,38,No,No,No,No,No,No,No
912,2.25,Long,M,No,20,No,No,No,No,No,Yes,No
913,4.89,Short,M,Yes,48,Yes,No,No,No,Yes,No,Yes
914,2.84,Short,F,No,27,Yes,Yes,Yes,No,Yes,Yes,No
915,7.63,Long,F,No,41,No,No,No,No,Yes,No,No
916,9.67,Long,M,Yes,44,No,Yes,No,No,No,Yes,No
917,4.69,Short,F,No,50,No,No,No,No,No,No,No
918,7.2,Long,F,Yes,46,No,No,Yes,Yes,Yes,Yes,Yes
919,9.16,Long,F,Yes,41,No,No,Yes,Yes,Yes,No,No
920,3.1,Long,M,Yes,28,Yes,No,No,Yes,Yes,No,No
921,9.25,Long,F,No,22,No,No,No,No,No,No,Yes
922,4.12,Short,F,Yes,36,No,No,No,No,No,No,No
923,8.85,Long,F,No,32,Yes,No,No,No,No,Yes,No
924,8.96,Long,F,Yes,27,No,No,No,No,No,No,No
925,8.83,Long,M,No,40,No,No,Yes,No,Yes,Yes,No
926,2.29,Medium,M,No,54,No,No,No,Yes,Yes,No,No
927,9.73,Long,M,No,51,No,No,No,No,No,Yes,Yes
928,9.86,Long,M,Yes,25,Yes,Yes,No,No,No,Yes,Yes
929,6.05,Long,F,No,50,No,Yes,No,No,Yes,Yes,No
930,5.8,Medium,F,No,29,No,No,No,Yes,No,Yes,No
931,3.85,Medium,M,No,33,No,No,No,No,No,Yes,No
932,8.65,Medium,F,Yes,49,No,No,No,No,No,No,No
933,3.76,Short,M,Yes,20,No,No,No,No,Yes,No,No
934,6.28,Long,M,No,38,Yes,No,No,No,No,No,No
935,6.71,Short,M,Yes,38,Yes,No,No,Yes,Yes,No,No
936,3.73,Medium,M,No,53,No,No,No,No,No,Yes,No
937,7.53,Short,M,No,45,Yes,No,No,No,No,No,No
938,7.61,Short,M,Yes,43,No,No,No,No,No,No,Yes
939,7.24,Long,F,No,47,No,No,No,No,No,No,No
940,3.6,Medium,M,No,39,No,No,No,No,No,Yes,No
941,3.59,Long,F,No,21,No,No,No,No,No,No,No
942,5.9,Medium,F,No,35,No,No,No,No,Yes,No,No
943,7.09,Long,M,No,42,Yes,Yes,No,No,No,Yes,Yes
944,4.73,Short,M,No,27,Yes,Yes,No,No,No,Yes,No
945,7.45,Medium,M,No,41,No,No,No,No,No,No,No
946,3.43,Short,F,No,53,No,Yes,No,No,No,Yes,No
947,9.06,Medium,M,No,35,Yes,Yes,Yes,No,No,Yes,Yes
948,6.97,Long,F,Yes,47,No,No,Yes,No,No,No,Yes
949,9.76,Long,F,Yes,23,No,No,No,No,Yes,No,No
950,5.36,Long,F,Yes,22,No,No,No,No,No,No,No
951,3.21,Long,M,Yes,37,No,No,No,No,No,No,No
952,4.65,Long,F,No,51,No,No,No,No,Yes,Yes,No
953,7.88,Short,F,Yes,25,Yes,No,No,No,Yes,Yes,No
954,5.58,Long,F,Yes,55,No,No,No,No,No,No,No
955,6.83,Short,F,Yes,47,No,No,No,No,No,No,No
956,7.76,Long,F,No,48,Yes,No,No,No,Yes,No,Yes
957,3.68,Medium,F,No,32,No,No,No,No,No,No,No
958,5.18,Medium,M,Yes,26,Yes,Yes,Yes,No,Yes,Yes,No
959,7.6,Long,M,No,33,Yes,Yes,Yes,No,Yes,Yes,No
960,8.48,Long,F,No,38,No,No,No,No,No,No,No
961,8.23,Long,F,Yes,48,No,No,No,No,No,Yes,No
962,4.04,Long,M,Yes,24,Yes,No,No,No,No,No,No
963,6.37,Medium,M,No,24,Yes,No,Yes,No,Yes,Yes,No
964,8.71,Long,F,Yes,44,Yes,Yes,Yes,No,Yes,Yes,No
965,3.35,Long,M,No,31,Yes,Yes,Yes,No,No,Yes,No
966,4.57,Medium,F,No,30,No,No,No,No,No,No,No
967,2.27,Medium,F,No,24,Yes,Yes,No,No,Yes,Yes,No
968,4.58,Long,M,No,22,Yes,Yes,Yes,Yes,No,Yes,No
969,3.76,Short,F,No,46,Yes,Yes,No,No,No,No,No
970,7.4,Medium,M,No,54,No,No,No,No,Yes,No,No
971,5,Long,F,Yes,28,Yes,No,No,Yes,Yes,No,Yes
972,5.64,Long,F,No,44,No,No,No,No,No,Yes,No
973,8.98,Medium,F,Yes,30,Yes,Yes,No,Yes,Yes,No,Yes
974,7.13,Medium,M,Yes,46,No,No,No,No,No,No,No
975,4.45,Medium,M,Yes,49,Yes,No,Yes,No,Yes,No,No
976,6.33,Long,M,Yes,28,No,No,No,No,No,Yes,No
977,3.18,Short,M,No,22,Yes,No,No,No,Yes,No,Yes
978,5.98,Medium,M,No,38,No,No,No,No,No,Yes,No
979,3.14,Long,F,Yes,26,No,No,No,No,No,No,No
980,2.07,Long,F,Yes,27,No,No,No,No,No,No,No
981,8,Short,F,Yes,39,No,No,No,No,No,No,No
982,2.67,Medium,M,Yes,47,No,No,No,No,No,No,No
983,8.3,Medium,M,Yes,56,No,No,No,Yes,Yes,No,Yes
984,2.27,Medium,F,Yes,40,No,No,No,No,No,Yes,No
985,5.96,Medium,F,Yes,52,No,No,No,No,Yes,No,No
986,3,Medium,M,No,43,Yes,Yes,Yes,No,No,Yes,No
987,8.26,Medium,M,Yes,29,No,No,No,No,Yes,No,No
988,9.33,Long,F,Yes,50,No,No,No,No,Yes,No,No
989,7.36,Medium,F,No,31,No,No,No,No,No,Yes,No
990,4.75,Medium,F,Yes,52,Yes,Yes,No,No,Yes,No,No
991,6.86,Short,F,No,41,No,No,No,No,No,Yes,Yes
992,2.46,Long,F,No,55,Yes,Yes,Yes,No,No,Yes,No
993,7.54,Long,F,No,54,No,No,No,Yes,Yes,No,No
994,5.97,Long,F,No,40,Yes,No,Yes,No,Yes,No,No
995,6.74,Medium,M,Yes,32,Yes,No,Yes,Yes,No,Yes,No
996,4.21,Medium,M,Yes,23,No,Yes,No,No,Yes,Yes,No
997,5.12,Long,M,No,54,Yes,Yes,No,No,No,Yes,No
998,7.06,Short,M,No,34,No,No,No,No,No,No,No
999,4.06,Medium,M,No,21,No,No,No,No,No,No,No
1000,8.87,Long,F,No,45,Yes,Yes,Yes,No,No,Yes,No
1001,6.15,Medium,F,Yes,25,No,No,No,No,No,No,No
1002,7.89,Medium,F,No,27,No,No,No,No,No,No,No
1003,9.72,Short,M,No,34,No,No,No,No,No,No,No
1004,3.12,Long,M,Yes,36,No,No,No,No,Yes,No,No
1005,3.87,Short,M,No,46,No,No,No,No,No,No,No
1006,5.64,Medium,F,Yes,33,Yes,No,No,No,No,No,No
1007,6.63,Long,M,No,47,Yes,Yes,Yes,No,Yes,No,No
1008,5.57,Long,F,Yes,23,No,No,No,Yes,Yes,No,No
1009,2.14,Medium,F,No,21,No,No,No,No,No,No,No
1010,7.04,Medium,M,Yes,29,No,Yes,No,No,No,Yes,No
1011,9.65,Long,F,Yes,22,No,No,No,No,Yes,No,No
1012,10.04,Long,M,Yes,27,No,No,No,Yes,No,No,Yes
1013,4.2,Medium,M,Yes,27,No,No,No,No,No,No,Yes
1014,6.38,Short,F,No,34,No,No,No,Yes,No,No,No
1015,6.14,Long,M,Yes,42,No,Yes,Yes,No,No,Yes,Yes
1016,7.95,Short,M,No,29,No,No,No,No,No,No,Yes
1017,6.43,Long,F,Yes,21,No,No,No,No,No,No,No
1018,6.29,Medium,M,No,29,No,No,No,No,No,No,No
1019,7.48,Long,M,Yes,28,Yes,No,No,No,No,No,No
1020,5.12,Medium,F,No,30,No,No,No,No,Yes,No,No
1021,7.13,Short,M,No,37,No,Yes,No,Yes,No,No,No
1022,5.98,Long,M,Yes,34,No,No,No,No,Yes,No,No
1023,9.57,Long,M,No,29,Yes,No,No,No,No,Yes,No
1024,7.3,Medium,F,Yes,30,No,No,No,No,No,No,No
1025,8.76,Medium,M,No,20,Yes,No,No,No,No,No,No
1026,7.23,Short,F,No,20,Yes,No,No,No,No,No,No
1027,5.23,Medium,F,No,35,Yes,Yes,Yes,Yes,No,Yes,Yes
1028,9.73,Medium,M,Yes,52,Yes,Yes,No,No,Yes,No,No
1029,3.36,Short,M,No,21,Yes,Yes,No,No,No,Yes,No
1030,2.91,Medium,F,Yes,33,No,No,No,No,No,No,Yes
1031,5.37,Long,F,No,44,Yes,No,No,No,No,No,No
1032,3.67,Long,M,No,50,Yes,Yes,Yes,No,No,Yes,No
1033,4.55,Medium,M,Yes,49,No,No,No,No,No,Yes,No
1034,9.94,Long,F,No,21,No,Yes,No,No,No,Yes,No
1035,7.8,Short,F,No,32,No,Yes,No,Yes,No,No,No
1036,9.26,Long,M,Yes,44,No,No,No,No,Yes,No,No
1037,6.77,Short,M,No,50,Yes,Yes,Yes,Yes,No,No,Yes
1038,9.65,Short,M,Yes,22,Yes,Yes,Yes,No,No,Yes,No
1039,5.22,Short,M,Yes,25,Yes,No,No,No,No,No,No
1040,6.79,Medium,M,No,37,No,No,No,No,No,No,No
1041,6.3,Short,F,No,40,Yes,No,No,No,No,No,Yes
1042,7.32,Long,F,Yes,48,Yes,No,No,No,No,No,No
1043,4.32,Medium,M,Yes,35,No,No,No,No,No,No,No
1044,7.47,Long,M,Yes,27,Yes,No,No,No,Yes,No,Yes
1045,7.76,Medium,F,No,42,No,Yes,No,No,No,Yes,No
1046,8.27,Medium,F,Yes,38,No,No,No,No,No,No,No
1047,3.49,Long,M,No,35,No,No,No,No,No,No,No
1048,4.03,Medium,M,No,47,Yes,No,No,No,No,Yes,No
1049,9.62,Long,M,No,50,No,No,No,No,Yes,No,No
1050,6.44,Medium,M,Yes,43,No,No,No,No,Yes,No,Yes
1051,3.92,Long,M,Yes,49,Yes,No,No,No,No,No,No
1052,7.4,Long,F,No,42,Yes,No,No,No,No,Yes,No
1053,6.9,Long,F,Yes,41,No,No,Yes,No,No,No,No
1054,2.21,Medium,M,Yes,47,No,Yes,Yes,No,No,Yes,No
1055,3.17,Medium,F,No,23,No,No,No,No,No,Yes,No
1056,8.19,Medium,M,No,45,No,No,No,No,Yes,Yes,No
1057,5.6,Medium,F,Yes,45,Yes,No,No,Yes,No,No,Yes
1058,7.16,Medium,F,Yes,29,Yes,No,No,No,Yes,Yes,No
1059,6.04,Medium,F,Yes,49,No,No,No,No,Yes,No,No
1060,4.85,Medium,F,No,27,Yes,Yes,No,No,No,No,No
1061,8.5,Medium,F,No,48,Yes,Yes,Yes,No,No,Yes,Yes
1062,2.87,Long,M,Yes,53,Yes,No,No,No,Yes,No,No
1063,2.81,Long,M,No,34,Yes,Yes,No,Yes,Yes,Yes,No
1064,7.08,Long,F,Yes,33,Yes,Yes,No,No,No,No,No
1065,2.64,Long,M,Yes,51,Yes,Yes,Yes,Yes,Yes,Yes,No
1066,7.85,Long,M,No,40,Yes,Yes,No,No,No,No,No
1067,6.33,Medium,M,No,32,Yes,Yes,Yes,No,Yes,No,Yes
1068,6.2,Short,F,No,42,No,No,No,No,Yes,No,No
1069,5.18,Short,M,No,27,Yes,Yes,Yes,No,No,No,No
1070,4.08,Long,F,Yes,55,Yes,No,Yes,No,No,Yes,Yes
1071,8.63,Long,F,No,53,No,No,Yes,Yes,Yes,Yes,No
1072,2.77,Long,M,Yes,30,No,No,No,No,No,No,No
1073,7.38,Medium,F,Yes,45,No,No,No,No,Yes,No,No
1074,2.37,Medium,F,No,22,No,No,No,No,No,No,No
1075,8.44,Medium,F,No,53,No,No,No,No,Yes,No,Yes
1076,3.2,Short,F,Yes,27,Yes,Yes,Yes,No,No,Yes,No
1077,2.24,Medium,F,No,18,Yes,No,No,No,No,No,No
1078,5.21,Medium,F,Yes,31,No,No,No,No,Yes,Yes,No
1079,5.92,Long,M,Yes,34,Yes,No,Yes,No,No,No,No
1080,4.34,Long,F,No,53,Yes,Yes,No,No,No,Yes,Yes
1081,6.16,Long,F,No,52,No,Yes,Yes,Yes,Yes,Yes,Yes
1082,8.34,Long,F,No,40,No,No,No,No,Yes,No,No
1083,8.34,Long,M,Yes,46,No,No,No,No,Yes,No,No
1084,9.54,Long,M,Yes,44,No,No,No,No,No,No,No
1085,7.16,Long,M,No,46,No,No,No,No,No,Yes,No
1086,7.04,Long,F,Yes,48,No,Yes,No,No,No,Yes,No
1087,6.37,Long,M,Yes,32,Yes,No,No,No,No,No,No
1088,6.4,Short,F,Yes,44,No,No,No,No,No,No,Yes
1089,3.86,Long,M,Yes,43,No,No,No,No,No,No,No
1090,2.8,Long,M,Yes,49,No,Yes,No,Yes,No,No,No
1091,3.24,Long,M,Yes,55,No,No,No,No,No,Yes,No
1092,5.85,Long,F,Yes,55,No,Yes,Yes,Yes,Yes,Yes,Yes
1093,4.26,Long,F,Yes,22,Yes,No,No,No,No,No,No
1094,5.52,Short,F,Yes,44,No,No,No,No,No,No,No
1095,8.4,Long,M,No,54,No,No,No,No,No,Yes,No
1096,9.12,Long,M,Yes,51,No,No,No,No,No,No,No
1097,2.92,Medium,M,No,50,Yes,No,No,No,No,Yes,No
1098,2.48,Long,F,No,31,No,No,No,No,No,No,No
1099,2.87,Long,M,Yes,34,Yes,No,No,No,No,No,No
1100,5.04,Medium,F,Yes,45,Yes,No,No,Yes,Yes,No,No
1101,3.07,Medium,M,No,28,No,No,No,No,No,Yes,Yes
1102,6.62,Short,F,No,34,No,No,No,No,Yes,No,Yes
1103,5.14,Long,M,Yes,47,No,Yes,No,No,Yes,No,No
1104,4.99,Medium,F,Yes,31,No,No,No,No,No,No,No
1105,8.85,Medium,M,Yes,27,Yes,Yes,No,No,No,Yes,No
1106,8.31,Long,F,Yes,44,No,No,Yes,No,No,No,No
1107,4.39,Long,M,Yes,25,No,No,No,No,Yes,No,Yes
1108,6.97,Long,F,Yes,38,Yes,No,No,No,Yes,No,Yes
1109,2.89,Medium,F,No,24,No,No,No,No,No,No,No
1110,5.27,Medium,M,No,44,No,No,No,No,No,No,No
1111,5.49,Long,F,No,32,No,No,Yes,No,Yes,No,No
1112,2.85,Long,F,Yes,26,No,No,No,No,No,No,No
1113,9.01,Long,F,Yes,42,No,No,No,No,No,No,No
1114,9.43,Medium,F,No,46,No,No,Yes,No,No,Yes,Yes
1115,6.7,Medium,M,No,22,Yes,No,No,No,No,No,No
1116,9.04,Long,M,No,34,Yes,Yes,No,No,No,Yes,No
1117,5.73,Long,F,No,48,Yes,No,No,No,No,Yes,No
1118,7.86,Medium,M,No,28,Yes,Yes,Yes,No,Yes,Yes,Yes
1119,4.48,Medium,M,Yes,24,No,No,Yes,No,No,No,No
1120,8.84,Medium,F,Yes,40,Yes,No,Yes,No,No,No,No
1121,7.97,Short,F,Yes,36,No,No,No,No,No,No,No
1122,7.42,Long,F,No,42,Yes,No,No,No,Yes,No,No
1123,3.33,Long,M,No,41,Yes,Yes,No,No,Yes,Yes,No
1124,7.87,Long,F,Yes,39,No,No,No,No,No,No,Yes
1125,9.51,Short,M,Yes,48,Yes,No,No,No,Yes,No,No
1126,7.64,Long,M,No,31,No,No,No,No,Yes,No,No
1127,2.65,Long,F,Yes,26,Yes,No,No,Yes,Yes,No,No
1128,3.24,Short,F,No,37,Yes,Yes,No,No,No,Yes,No
1129,8.22,Medium,M,Yes,41,No,No,No,No,Yes,No,No
1130,7.74,Long,F,Yes,33,No,No,No,No,Yes,No,No
1131,6.16,Medium,M,No,52,Yes,No,No,No,No,No,No
1132,5.24,Medium,M,Yes,47,No,No,No,No,No,No,No
1133,7.26,Medium,M,Yes,44,No,No,No,No,No,No,No
1134,5.22,Medium,M,No,27,No,No,No,No,Yes,Yes,No
1135,4.58,Short,M,No,44,Yes,Yes,Yes,No,No,No,No
1136,8.66,Long,F,Yes,29,No,Yes,No,No,No,Yes,No
1137,6.78,Long,M,Yes,43,Yes,No,No,No,No,Yes,No
1138,3.86,Long,F,Yes,22,Yes,No,No,Yes,Yes,Yes,No
1139,7.6,Medium,F,Yes,37,No,No,No,No,Yes,No,No
1140,9.32,Long,F,Yes,27,No,No,No,No,No,No,No
1141,5.06,Medium,F,Yes,39,No,No,No,No,No,No,No
1142,2.14,Long,F,Yes,24,No,Yes,No,No,Yes,Yes,No
1143,2.36,Medium,F,No,49,Yes,Yes,No,No,No,Yes,No
1144,4.97,Long,F,Yes,24,No,No,No,No,No,Yes,No
1145,4,Medium,M,No,29,Yes,No,No,No,No,No,Yes
1146,8.95,Medium,M,Yes,27,No,No,No,No,Yes,No,No
1147,7.82,Long,M,Yes,21,Yes,Yes,No,No,No,Yes,No
1148,4.57,Medium,M,Yes,29,Yes,No,No,No,Yes,No,No
1149,8.8,Medium,M,No,31,Yes,No,No,No,Yes,No,No
1150,6.16,Medium,M,No,28,Yes,No,No,No,No,Yes,No
1151,2.18,Medium,F,No,20,Yes,Yes,Yes,No,No,Yes,No
1152,8.09,Long,F,Yes,37,Yes,Yes,No,No,No,Yes,No
1153,7.79,Long,F,Yes,29,No,No,Yes,No,No,Yes,No
1154,2.91,Long,F,Yes,31,No,No,No,No,No,Yes,No
1155,9.34,Medium,M,No,32,No,No,No,No,Yes,No,No
1156,6.12,Medium,F,No,55,No,Yes,No,No,Yes,No,No
1157,3,Long,M,Yes,50,Yes,No,No,No,No,No,No
1158,3.07,Long,F,Yes,28,No,No,No,No,No,No,No
1159,3.02,Medium,M,Yes,24,No,No,No,No,No,No,No
1160,7.68,Medium,F,Yes,38,Yes,Yes,Yes,No,No,Yes,Yes
1161,4.41,Medium,M,Yes,29,No,No,No,No,Yes,No,No
1162,7.18,Long,M,No,47,Yes,No,Yes,Yes,Yes,No,Yes
1163,4.21,Medium,M,Yes,31,Yes,Yes,No,No,No,No,No
1164,7.18,Short,F,Yes,32,No,Yes,No,No,No,No,No
1165,8.74,Long,M,Yes,30,No,Yes,Yes,No,Yes,Yes,No
1166,2.55,Long,M,No,49,Yes,Yes,No,No,No,Yes,No
1167,6.38,Short,F,Yes,47,No,Yes,Yes,No,No,Yes,Yes
1168,5.68,Long,M,No,41,No,No,No,No,No,Yes,No
1169,3.5,Long,M,No,31,No,No,Yes,Yes,Yes,No,No
1170,6.1,Medium,M,Yes,36,Yes,Yes,Yes,No,No,Yes,No
1171,8.72,Medium,F,Yes,47,Yes,Yes,No,No,No,Yes,No
1172,3.58,Short,F,No,54,Yes,Yes,Yes,No,No,Yes,No
1173,2.3,Long,F,No,38,No,No,No,No,Yes,Yes,Yes
1174,5.45,Long,F,Yes,26,Yes,Yes,Yes,No,No,Yes,Yes
1175,3.28,Short,M,No,33,No,No,No,No,Yes,No,No
1176,9.39,Long,F,Yes,35,Yes,No,Yes,No,No,No,No
1177,6.41,Short,F,Yes,43,Yes,Yes,Yes,No,No,Yes,No
1178,8.55,Long,M,Yes,36,No,No,No,No,Yes,No,No
1179,6.37,Short,F,Yes,51,No,No,No,No,No,Yes,No
1180,3.34,Short,M,No,17,No,No,No,No,No,No,No
1181,8.82,Short,M,Yes,39,No,No,No,Yes,No,No,Yes
1182,7.34,Short,M,No,50,No,No,No,No,No,No,No
1183,7.28,Medium,F,No,19,Yes,No,No,No,Yes,No,No
1184,6.52,Long,M,No,49,No,No,No,No,No,Yes,No
1185,3.85,Medium,F,Yes,24,Yes,Yes,No,No,No,No,No
1186,9.16,Long,M,No,36,Yes,No,No,No,No,No,No
1187,4.52,Medium,F,No,50,Yes,Yes,No,No,No,No,No
1188,5.13,Medium,M,Yes,46,No,No,No,No,No,No,No
1189,5.84,Short,M,No,22,No,No,No,No,No,Yes,No
1190,7.7,Medium,F,No,44,No,No,No,No,No,No,No
1191,4.31,Medium,M,Yes,47,Yes,Yes,No,No,No,Yes,No
1192,5.74,Short,F,No,38,No,No,Yes,No,Yes,Yes,No
1193,6.13,Long,F,No,40,Yes,No,No,No,No,No,No
1194,9.06,Long,M,Yes,52,Yes,Yes,No,No,No,Yes,No
1195,3.89,Long,M,Yes,31,No,No,No,Yes,Yes,No,No
1196,7.17,Short,M,No,55,No,No,No,No,Yes,No,No
1197,9.43,Long,M,No,36,No,Yes,No,No,No,Yes,No
1198,2.98,Long,M,No,49,No,No,No,No,No,Yes,No
1199,9.44,Long,F,No,39,No,No,No,No,Yes,No,No
1200,8.03,Long,M,No,37,Yes,No,No,No,No,Yes,No
1201,7.38,Long,M,Yes,49,No,Yes,No,No,No,No,No
1202,7.58,Long,M,Yes,32,No,No,No,No,No,No,No
1203,4.38,Medium,M,No,36,No,No,No,No,No,No,No
1204,8.04,Long,M,No,46,No,No,No,No,No,No,No
1205,2.37,Short,M,Yes,41,Yes,Yes,Yes,No,No,Yes,No
1206,9.9,Short,F,No,53,Yes,Yes,Yes,No,No,Yes,No
1207,9.76,Long,M,Yes,32,No,No,No,No,Yes,No,No
1208,3.96,Long,M,Yes,31,Yes,No,Yes,No,No,Yes,No
1209,2.39,Short,M,No,46,Yes,Yes,Yes,No,No,Yes,No
1210,3.93,Long,F,No,34,No,No,No,No,No,No,No
1211,8.02,Short,M,Yes,33,Yes,No,Yes,No,Yes,No,No
1212,2.61,Long,F,Yes,31,No,Yes,No,No,No,No,No
1213,4.3,Long,F,Yes,20,No,No,No,No,Yes,No,No
1214,3.38,Long,M,Yes,23,Yes,No,No,Yes,No,Yes,No
1215,5.32,Long,M,Yes,35,Yes,No,No,No,Yes,No,No
1216,7.79,Medium,F,Yes,37,Yes,Yes,No,No,No,Yes,Yes
1217,5.83,Medium,M,No,40,No,No,No,No,No,No,No
1218,5.51,Long,F,Yes,39,Yes,Yes,No,No,No,Yes,No
1219,7.52,Long,F,No,56,No,No,No,No,No,No,No
1220,3.08,Long,M,Yes,29,Yes,Yes,No,No,No,Yes,No
1221,2.85,Medium,F,No,24,No,No,No,No,No,No,Yes
1222,8.8,Long,F,No,53,Yes,Yes,No,No,No,Yes,No
1223,7.9,Medium,M,No,28,Yes,No,No,No,Yes,No,No
1224,4.44,Short,M,No,51,Yes,No,No,No,No,Yes,No
1225,5.23,Long,M,Yes,25,Yes,Yes,No,No,Yes,Yes,No
1226,5.69,Long,M,Yes,32,Yes,Yes,Yes,No,Yes,Yes,No
1227,2.82,Long,M,Yes,52,No,No,No,No,No,No,No
1228,4.63,Short,M,No,30,No,Yes,No,No,No,Yes,No
1229,5.54,Long,M,No,29,Yes,Yes,Yes,No,No,Yes,No
1230,9.83,Medium,M,Yes,44,No,No,No,No,No,No,No
1231,2.61,Short,F,No,49,No,No,No,No,No,No,No
1232,3.38,Long,M,No,51,No,No,Yes,No,No,No,No
1233,7.09,Short,F,Yes,52,No,No,No,No,No,No,Yes
1234,2.28,Medium,M,No,31,No,No,No,No,No,No,No
1235,3.9,Long,M,Yes,46,No,No,Yes,No,No,Yes,No
1236,4.62,Long,M,Yes,48,No,Yes,No,Yes,No,Yes,No
1237,3.23,Long,M,No,24,No,No,No,No,No,No,No
1238,4.39,Long,F,No,52,Yes,Yes,Yes,No,Yes,Yes,No
1239,3.49,Medium,M,No,45,No,No,No,Yes,No,No,No
1240,3.27,Long,M,Yes,26,No,No,No,No,Yes,No,No
1241,2.27,Medium,M,Yes,31,No,No,No,No,No,Yes,No
1242,4.79,Medium,M,No,29,No,No,No,No,No,Yes,No
1243,6.06,Medium,M,Yes,50,No,No,No,No,Yes,No,No
1244,5.42,Long,F,No,43,No,No,No,Yes,Yes,No,No
1245,7.67,Long,F,Yes,36,No,No,No,No,No,No,No
1246,2.85,Medium,F,No,22,No,No,No,No,Yes,No,No
1247,9.53,Short,M,No,33,Yes,No,No,Yes,Yes,No,Yes
1248,3.74,Medium,F,Yes,36,Yes,No,No,Yes,No,No,Yes
1249,5.79,Long,M,Yes,23,No,No,No,No,No,No,No
1250,2.81,Short,M,No,47,Yes,No,No,No,No,No,No
1251,3.77,Medium,M,No,19,No,No,No,No,Yes,No,No
1252,4.19,Long,F,Yes,34,Yes,Yes,No,No,No,No,Yes
1253,9.2,Long,F,No,20,No,Yes,Yes,No,Yes,Yes,Yes
1254,4.31,Short,F,No,39,Yes,Yes,No,No,No,No,No
1255,4.47,Long,F,No,53,No,Yes,Yes,No,No,Yes,No
1256,5.62,Long,F,No,22,No,Yes,Yes,No,No,Yes,No
1257,2.69,Long,F,Yes,27,No,No,No,No,No,No,Yes
1258,6.41,Long,M,Yes,38,No,No,No,No,No,Yes,No
1259,3.14,Medium,F,No,25,Yes,Yes,No,No,Yes,No,No
1260,5.47,Medium,M,Yes,32,No,No,No,No,No,No,No
1261,2.34,Long,F,Yes,21,Yes,No,Yes,Yes,No,No,Yes
1262,7.42,Long,M,No,30,Yes,No,No,Yes,No,Yes,No
1263,8.41,Short,M,No,26,Yes,Yes,No,No,No,Yes,No
1264,4.31,Short,M,No,51,No,No,No,No,No,No,No
1265,7.19,Short,F,Yes,27,Yes,No,No,No,No,No,No
1266,2.27,Long,F,No,36,Yes,No,Yes,No,No,No,No
1267,3.75,Medium,M,No,42,Yes,Yes,No,No,No,Yes,No
1268,7.64,Long,M,No,39,No,No,No,No,No,Yes,No
1269,3.36,Long,F,No,27,No,No,No,No,No,No,No
1270,3.22,Short,M,No,35,Yes,No,No,No,No,No,No
1271,8.56,Long,M,No,44,Yes,No,Yes,No,Yes,No,Yes
1272,9.97,Long,M,Yes,23,No,No,No,No,Yes,No,No
1273,2.45,Short,M,Yes,42,Yes,No,No,No,No,No,No
1274,7.62,Medium,F,Yes,23,No,No,No,No,No,No,Yes
1275,5.54,Long,M,Yes,27,Yes,Yes,Yes,No,No,Yes,No
1276,4.47,Long,M,No,34,No,No,No,No,Yes,No,No
1277,4.6,Long,F,Yes,31,No,No,No,No,No,No,No
1278,6.94,Medium,M,Yes,26,Yes,Yes,Yes,Yes,Yes,Yes,Yes
1279,5.43,Medium,M,Yes,41,No,Yes,No,No,No,Yes,No
1280,4.47,Medium,F,No,30,No,No,No,No,No,No,Yes
1281,3.39,Long,F,Yes,38,Yes,No,No,No,Yes,No,No
1282,8.22,Long,M,No,40,No,No,No,No,Yes,No,No
1283,8.69,Long,M,Yes,23,No,No,No,No,No,No,No
1284,4.26,Long,M,Yes,25,Yes,No,Yes,No,No,Yes,No
1285,6.55,Long,M,No,52,No,No,No,No,No,No,Yes
1286,4.43,Medium,F,No,49,No,No,Yes,No,Yes,No,Yes
1287,5.25,Long,F,Yes,43,No,No,No,No,Yes,No,No
1288,6.18,Medium,F,Yes,25,Yes,No,No,Yes,Yes,No,No
1289,2.74,Short,F,No,46,Yes,No,No,No,Yes,No,No
1290,4.14,Short,F,Yes,32,No,No,Yes,No,No,No,No
1291,6.9,Medium,F,Yes,43,No,No,No,No,No,Yes,No
1292,6.6,Short,M,No,19,No,No,No,No,No,Yes,No
1293,2.82,Medium,M,Yes,44,Yes,No,No,No,No,No,No
1294,10.03,Medium,F,No,34,No,No,No,No,No,Yes,No
1295,8.47,Medium,F,Yes,46,No,Yes,No,No,No,No,No
1296,4.87,Medium,M,No,45,Yes,Yes,No,No,No,No,Yes
1297,5.69,Long,F,No,29,No,Yes,No,No,Yes,Yes,No
1298,4.82,Short,F,No,48,No,No,No,No,No,No,No
1299,8.89,Short,F,Yes,31,No,No,No,No,No,No,No
1300,10.05,Long,M,Yes,19,No,No,No,No,No,No,No
1301,7.65,Medium,F,Yes,40,No,No,No,No,Yes,No,No
1302,2.51,Long,F,No,54,No,Yes,No,No,Yes,Yes,No
1303,2.93,Medium,F,Yes,26,Yes,Yes,Yes,No,Yes,Yes,No
1304,9.23,Long,F,No,30,Yes,No,Yes,Yes,Yes,Yes,No
1305,3.54,Medium,F,No,40,No,No,No,No,No,Yes,No
1306,8.8,Long,F,No,18,No,No,No,No,No,No,No
1307,8.38,Long,F,Yes,23,Yes,Yes,Yes,No,No,Yes,No
1308,7.62,Long,F,No,20,Yes,Yes,Yes,Yes,No,Yes,No
1309,2.56,Long,F,Yes,43,No,No,No,Yes,No,No,Yes
1310,8.72,Long,F,Yes,31,No,No,No,No,No,Yes,No
1311,5.09,Long,F,No,50,No,No,No,No,No,Yes,No
1312,7.08,Long,F,Yes,29,No,No,No,No,Yes,No,Yes
1313,3.76,Medium,M,Yes,33,No,No,No,Yes,No,No,Yes
1314,4.57,Medium,M,Yes,47,No,No,No,No,Yes,No,No
1315,7.15,Short,F,Yes,25,Yes,Yes,No,No,No,No,No
1316,7.97,Long,M,No,17,Yes,No,No,No,No,No,No
1317,8.09,Medium,F,Yes,40,No,No,No,No,Yes,No,Yes
1318,6.83,Medium,F,Yes,25,No,No,No,No,No,No,No
1319,5.03,Medium,F,No,25,No,No,No,No,Yes,Yes,No
1320,9.24,Short,M,No,34,No,No,No,No,No,No,No
1321,4.81,Medium,F,No,28,No,No,No,No,No,Yes,No
1322,5.74,Long,F,No,49,Yes,No,No,No,No,Yes,No
1323,7.9,Short,F,No,30,No,No,No,No,No,No,No
1324,7.56,Medium,M,No,31,No,No,No,No,No,No,No
1325,8.65,Medium,F,No,36,Yes,No,Yes,Yes,No,Yes,Yes
1326,10.03,Medium,F,No,25,Yes,No,No,No,Yes,No,No
1327,2.8,Medium,F,Yes,45,Yes,No,No,No,No,No,No
1328,6.62,Long,M,Yes,38,Yes,Yes,Yes,No,No,Yes,No
1329,2.99,Medium,F,Yes,26,Yes,Yes,Yes,No,No,Yes,No
1330,5.54,Long,F,Yes,24,Yes,No,No,No,No,Yes,No
1331,6.59,Long,F,No,24,No,No,No,No,No,Yes,No
1332,6.14,Medium,M,Yes,35,No,No,No,No,No,No,No
1333,2.21,Long,F,Yes,29,Yes,No,No,Yes,No,No,Yes
1334,4.09,Short,M,No,39,No,No,No,No,No,No,No
1335,3.22,Long,F,Yes,28,Yes,Yes,Yes,No,No,Yes,Yes
1336,5.64,Short,M,Yes,50,No,No,Yes,No,No,No,No
1337,2.91,Long,F,No,42,Yes,Yes,No,No,Yes,Yes,No
1338,7.52,Short,F,Yes,44,Yes,No,Yes,No,Yes,No,Yes
1339,5.99,Long,F,No,50,No,No,No,No,No,Yes,No
1340,7.43,Long,M,Yes,47,Yes,Yes,Yes,No,No,Yes,No
1341,2.23,Long,F,Yes,26,Yes,Yes,Yes,No,Yes,No,No
1342,9.89,Long,F,No,36,No,No,No,No,No,Yes,No
1343,5.99,Long,F,No,50,No,No,No,No,No,No,No
1344,3.84,Long,F,Yes,31,No,No,No,No,Yes,No,Yes
1345,2.41,Medium,F,No,49,Yes,Yes,Yes,No,No,Yes,No
1346,3.65,Medium,M,No,52,No,No,No,No,No,No,No
1347,2.43,Long,F,Yes,36,No,No,No,No,No,No,No
1348,7.29,Long,M,No,34,No,Yes,No,No,Yes,No,No
1349,6.14,Long,M,No,33,No,No,No,No,No,No,Yes
1350,5.07,Long,F,No,53,No,Yes,No,No,No,Yes,No
1351,5.03,Medium,F,No,31,Yes,No,No,No,No,Yes,No
1352,2.4,Long,F,Yes,27,Yes,No,No,No,No,No,No
1353,7.91,Medium,M,Yes,34,No,No,No,No,No,No,No
1354,7.05,Short,F,Yes,52,Yes,No,No,No,Yes,Yes,No
1355,9.45,Short,F,Yes,38,No,No,No,No,No,No,No
1356,6.09,Long,F,Yes,54,No,No,No,No,No,No,No
1357,8.35,Long,M,No,39,Yes,Yes,No,No,No,No,No
1358,6.71,Medium,M,Yes,43,Yes,No,No,Yes,Yes,No,No
1359,2.24,Short,F,Yes,48,No,No,No,No,No,No,Yes
1360,4.83,Short,M,Yes,48,Yes,Yes,Yes,No,Yes,Yes,Yes
1361,9.1,Long,F,Yes,36,Yes,Yes,Yes,No,No,Yes,Yes
1362,9.32,Long,F,No,25,Yes,No,No,No,No,No,No
1363,3.46,Long,F,No,43,No,No,No,No,No,Yes,No
1364,8.35,Long,M,No,37,No,No,No,No,No,Yes,No
1365,3.33,Long,F,No,22,Yes,Yes,No,No,No,Yes,Yes
1366,4.85,Short,F,No,50,No,Yes,No,Yes,No,Yes,Yes
1367,3.03,Medium,M,No,28,No,No,No,No,No,No,No
1368,2.88,Short,F,Yes,55,Yes,Yes,No,No,No,Yes,No
1369,4.28,Medium,M,No,36,No,No,No,No,Yes,No,No
1370,7.94,Medium,F,Yes,52,No,No,No,No,No,No,No
1371,9.78,Long,M,Yes,31,Yes,No,No,No,No,No,No
1372,5.86,Medium,M,Yes,52,No,No,No,No,No,No,No
1373,3.88,Medium,M,Yes,46,No,No,No,No,No,No,No
1374,9.48,Long,F,Yes,49,No,No,No,No,No,No,No
1375,2.54,Medium,M,Yes,32,No,No,No,No,Yes,No,No
1376,8.02,Medium,M,No,31,No,Yes,No,No,No,Yes,No
1377,3.54,Long,F,No,50,Yes,No,No,Yes,Yes,No,No
1378,3.53,Short,F,No,21,Yes,Yes,No,No,No,No,No
1379,5.23,Medium,F,Yes,33,No,No,No,No,No,No,No
1380,7.81,Long,F,Yes,48,No,No,No,No,Yes,Yes,No
1381,6.19,Medium,F,Yes,28,No,No,No,No,No,No,No
1382,4.52,Medium,F,No,44,No,Yes,Yes,No,Yes,Yes,No
1383,5.86,Medium,M,Yes,50,No,Yes,No,No,No,No,No
1384,3.67,Medium,M,Yes,48,Yes,Yes,Yes,No,No,Yes,No
1385,4.57,Long,F,Yes,23,Yes,Yes,No,Yes,No,No,Yes
1386,8.02,Long,M,No,57,No,No,No,No,Yes,No,No
1387,6.84,Long,M,No,45,No,Yes,No,No,Yes,Yes,No
1388,8.36,Medium,M,Yes,38,No,No,No,No,No,No,Yes
1389,6.48,Medium,M,No,46,No,No,No,No,Yes,No,Yes
1390,4.81,Short,M,No,27,No,No,No,No,No,No,No
1391,4.44,Medium,M,No,47,No,No,No,No,Yes,Yes,No
1392,6.7,Long,M,Yes,26,No,No,No,No,No,No,No
1393,4.29,Medium,M,No,30,No,Yes,No,No,No,Yes,No
1394,8.79,Long,F,Yes,33,Yes,Yes,Yes,No,No,Yes,No
1395,5.77,Medium,M,No,50,No,No,No,Yes,Yes,No,No
1396,3.03,Medium,M,No,27,Yes,No,No,No,Yes,No,No
1397,5.98,Short,F,No,39,No,No,No,No,No,No,No
1398,9.04,Short,F,No,52,No,No,No,No,No,No,No
1399,6.59,Medium,M,No,23,No,Yes,No,No,No,Yes,No
1400,2.43,Short,M,No,45,No,No,No,No,No,Yes,No
1401,2.83,Short,F,Yes,52,No,Yes,No,No,Yes,Yes,No
1402,8.12,Medium,M,Yes,40,Yes,No,No,No,Yes,No,No
1403,8.37,Long,F,Yes,23,No,No,No,No,Yes,No,Yes
1404,6.71,Short,M,No,53,Yes,Yes,Yes,No,No,Yes,No
1405,4.5,Long,M,No,23,No,No,No,No,No,No,No
1406,7.62,Long,F,Yes,42,Yes,Yes,Yes,No,No,Yes,No
1407,7.79,Long,F,No,22,No,Yes,No,Yes,No,No,No
1408,3.54,Short,F,No,34,No,Yes,No,No,Yes,No,No
1409,5.63,Long,M,Yes,24,No,Yes,No,No,No,No,No
1410,2.74,Short,F,Yes,51,No,No,No,No,No,No,Yes
1411,2.55,Long,F,No,33,No,No,No,No,No,No,No
1412,6.09,Short,M,Yes,40,Yes,No,No,No,Yes,No,No
1413,5.45,Medium,M,Yes,28,No,No,No,No,No,No,Yes
1414,5.4,Long,M,Yes,40,No,No,No,No,No,No,No
1415,5.06,Medium,M,Yes,46,Yes,Yes,No,No,No,Yes,Yes
1416,10.04,Long,M,Yes,19,Yes,Yes,Yes,No,No,No,No
1417,4.73,Short,M,Yes,51,Yes,No,No,Yes,No,Yes,No
1418,5.08,Medium,F,No,26,Yes,No,Yes,No,Yes,Yes,Yes
1419,4.39,Long,M,No,32,Yes,Yes,No,No,No,Yes,No
1420,2.86,Long,F,No,44,No,No,No,No,No,No,No
1421,4.28,Medium,M,Yes,52,No,No,No,No,No,No,No
1422,7.49,Short,F,No,23,Yes,No,No,No,No,Yes,No
1423,9.52,Long,M,Yes,42,Yes,No,No,No,No,Yes,No
1424,3.75,Short,F,No,36,No,Yes,No,No,No,Yes,No
1425,6.49,Medium,M,Yes,39,No,No,No,Yes,No,Yes,No
1426,5.54,Long,F,No,34,No,Yes,No,No,No,Yes,No
1427,7.27,Medium,M,No,38,No,No,No,No,No,Yes,No
1428,6.58,Medium,M,No,52,No,No,No,No,No,Yes,No
1429,9.64,Medium,F,Yes,25,No,No,No,Yes,No,No,No
1430,3.71,Long,F,Yes,42,Yes,Yes,No,No,No,Yes,No
1431,6.58,Medium,M,No,55,Yes,No,No,No,No,No,No
1432,7.18,Medium,F,Yes,26,No,No,No,No,No,Yes,No
1433,2.87,Short,F,No,45,Yes,Yes,No,No,No,Yes,No
1434,2.65,Medium,F,Yes,31,Yes,No,No,No,No,No,No
1435,9.69,Medium,M,Yes,44,No,No,No,No,Yes,No,No
1436,2.26,Long,F,No,31,Yes,No,No,No,No,No,No
1437,8.61,Medium,M,Yes,33,No,No,No,No,Yes,No,No
1438,3.53,Medium,M,Yes,35,No,No,No,No,Yes,No,No
1439,5.23,Medium,F,No,31,Yes,No,No,No,No,No,No
1440,3.31,Long,F,No,25,No,No,No,No,Yes,No,No
1441,8.53,Long,M,No,48,Yes,Yes,No,No,No,No,Yes
1442,5.18,Medium,F,Yes,34,No,No,No,No,Yes,No,No
1443,4.88,Long,F,No,29,No,Yes,Yes,No,No,Yes,No
1444,5.22,Long,M,Yes,29,Yes,Yes,No,No,Yes,Yes,No
1445,6.57,Long,F,Yes,49,Yes,No,No,No,No,Yes,No
1446,5.67,Short,M,No,22,No,No,No,No,No,No,No
1447,8.23,Medium,M,No,42,No,Yes,No,No,Yes,Yes,Yes
1448,2.62,Long,F,No,42,No,Yes,Yes,No,Yes,Yes,No
1449,7.84,Long,F,Yes,50,No,No,No,No,Yes,No,No
1450,8.44,Long,M,Yes,55,No,Yes,No,No,Yes,Yes,No
1451,7.77,Long,F,Yes,38,Yes,Yes,No,No,No,Yes,No
1452,8.65,Medium,F,No,17,Yes,No,No,No,No,No,No
1453,4.61,Long,F,Yes,31,No,No,No,Yes,Yes,No,Yes
1454,4.52,Medium,F,Yes,19,No,No,No,No,Yes,No,No
1455,4.19,Short,M,No,41,No,No,No,No,Yes,No,No
1456,2.74,Short,M,Yes,24,Yes,Yes,No,Yes,No,Yes,No
1457,9.66,Medium,M,No,42,No,No,No,No,No,No,No
1458,6.39,Medium,M,No,44,Yes,Yes,No,No,No,Yes,No
1459,8.21,Medium,M,Yes,39,No,No,No,No,No,Yes,No
1460,5.68,Short,F,No,41,No,No,No,No,Yes,Yes,No
1461,2.32,Long,M,Yes,22,Yes,No,No,No,No,Yes,No
1462,8.97,Long,F,Yes,26,No,Yes,Yes,No,Yes,Yes,Yes
1463,8.19,Long,F,Yes,21,No,No,No,No,No,No,No
1464,3.07,Medium,F,Yes,25,No,No,No,No,No,No,No
1465,8.97,Short,F,Yes,45,No,No,No,No,No,No,No
1466,4.27,Long,F,Yes,18,Yes,No,Yes,No,No,Yes,No
1467,7.87,Long,M,Yes,21,Yes,No,No,No,No,No,No
1468,2.89,Long,M,Yes,56,No,No,No,No,No,No,No
1469,7.3,Medium,M,Yes,49,No,No,No,No,No,No,No
1470,8.04,Medium,M,No,21,No,No,No,No,Yes,No,No
1471,4.46,Medium,M,No,43,No,No,No,No,No,No,Yes
1472,6.88,Long,M,No,44,Yes,Yes,Yes,No,No,Yes,No
1473,3.17,Long,F,No,19,No,No,No,No,Yes,No,No
1474,9.13,Medium,M,No,34,No,Yes,Yes,No,No,Yes,No
1475,2.19,Long,M,No,23,No,Yes,No,No,Yes,Yes,No
1476,6.97,Long,M,No,45,No,Yes,No,No,No,Yes,No
1477,7.25,Long,M,No,23,Yes,No,Yes,No,No,Yes,Yes
1478,3.82,Medium,F,Yes,26,No,Yes,Yes,No,No,Yes,No
1479,7.68,Long,M,No,19,Yes,Yes,Yes,No,No,Yes,Yes
1480,9.66,Medium,M,No,39,Yes,Yes,Yes,No,Yes,No,No
1481,9.94,Medium,F,No,37,Yes,No,No,No,No,No,No
1482,4.54,Long,M,No,29,No,No,No,No,No,No,No
1483,5.51,Medium,F,Yes,32,No,No,No,No,No,Yes,No
1484,5.39,Long,M,No,50,Yes,Yes,No,No,No,Yes,No
1485,7,Long,M,Yes,30,No,No,No,No,No,No,No
1486,8.83,Medium,M,No,30,No,No,No,No,No,No,No
1487,7.79,Medium,F,Yes,53,No,No,No,No,No,Yes,No
1488,5.37,Medium,M,Yes,30,No,Yes,No,No,No,Yes,No
1489,8.58,Medium,F,No,47,No,No,No,No,No,No,No
1490,5.63,Long,F,No,28,No,No,No,No,No,No,Yes
1491,2.54,Medium,F,No,43,Yes,Yes,Yes,No,No,Yes,No
1492,6,Short,F,No,37,No,No,No,No,No,No,No
1493,3.02,Medium,M,No,52,No,No,No,No,Yes,No,No
1494,6.82,Short,F,No,44,Yes,No,No,No,No,No,Yes
1495,4.83,Medium,F,Yes,38,Yes,No,No,No,No,No,No
1496,3.1,Long,M,Yes,43,No,No,No,No,No,No,No
1497,6.3,Medium,F,Yes,41,No,No,No,No,No,No,No
1498,7.98,Long,M,No,44,Yes,Yes,No,No,No,Yes,No
1499,3.86,Short,F,No,48,Yes,No,No,No,No,Yes,No
1500,7.26,Medium,F,No,21,No,No,No,No,No,No,No
1501,8.66,Long,F,No,19,No,Yes,No,No,Yes,Yes,No
1502,6.64,Long,F,No,20,No,No,No,No,No,Yes,No
1503,2.29,Medium,M,Yes,33,No,No,No,No,No,No,No
1504,2.53,Short,M,No,36,No,No,No,No,No,No,No
1505,9.46,Medium,F,Yes,31,No,No,No,No,No,No,No
1506,5.09,Short,F,No,48,No,No,No,No,Yes,No,No
1507,6.59,Long,F,Yes,35,No,No,No,No,No,No,No
1508,6.85,Medium,F,Yes,27,No,No,No,No,No,No,No
1509,8.75,Long,F,Yes,29,Yes,No,No,No,No,No,No
1510,7.89,Short,M,Yes,35,Yes,Yes,Yes,No,No,Yes,No
1511,9.48,Medium,F,Yes,21,No,No,No,No,No,Yes,No
1512,6.69,Short,F,Yes,21,No,No,No,No,No,No,No
1513,9.81,Long,M,Yes,29,No,No,No,No,No,No,No
1514,3.78,Long,F,Yes,42,Yes,No,Yes,No,No,No,No
1515,6.12,Long,F,No,47,No,No,No,No,Yes,No,No
1516,6.75,Medium,M,Yes,48,Yes,No,No,No,Yes,No,No
1517,2.81,Long,F,Yes,50,No,No,No,No,No,Yes,No
1518,9.51,Long,M,Yes,46,No,Yes,No,No,Yes,No,No
1519,8.7,Medium,M,No,31,No,No,No,No,Yes,No,No
1520,9.86,Medium,M,No,33,No,No,No,No,Yes,No,Yes
1521,3.8,Medium,F,Yes,23,No,No,No,No,Yes,No,Yes
1522,5.18,Medium,F,Yes,24,No,No,No,No,No,No,No
1523,9.49,Short,M,No,47,No,No,No,No,Yes,No,Yes
1524,9.8,Medium,M,No,29,No,Yes,No,No,No,Yes,Yes
1525,9.24,Medium,M,No,51,No,Yes,No,No,No,No,Yes
1526,5.57,Short,M,No,27,Yes,No,No,No,Yes,No,No
1527,5.5,Long,M,Yes,44,No,Yes,No,No,No,Yes,No
1528,2.84,Short,M,No,48,Yes,Yes,No,No,No,Yes,No
1529,6.89,Medium,F,No,37,Yes,No,No,Yes,No,No,No
1530,5.45,Long,F,No,49,No,No,No,No,Yes,Yes,No
1531,7.85,Short,M,Yes,34,No,No,No,No,No,No,No
1532,5.62,Medium,F,Yes,48,Yes,No,No,No,Yes,Yes,No
1533,8.28,Medium,M,Yes,44,No,Yes,Yes,No,Yes,No,Yes
1534,8.16,Short,F,Yes,28,No,No,No,Yes,Yes,No,No
1535,6.86,Medium,F,Yes,25,No,No,No,Yes,Yes,No,No
1536,2.84,Medium,F,Yes,53,No,No,No,No,No,Yes,No
1537,7.57,Medium,M,No,49,Yes,Yes,No,No,No,Yes,No
1538,5.54,Short,F,No,27,No,No,No,No,No,No,No
1539,9.51,Long,M,No,25,No,No,No,No,Yes,No,No
1540,6.65,Long,M,Yes,41,Yes,No,No,No,No,Yes,No
1541,7.85,Short,F,Yes,29,Yes,No,No,No,Yes,No,No
1542,8.69,Medium,M,No,42,Yes,No,Yes,No,No,No,No
1543,3.74,Medium,M,Yes,29,Yes,Yes,No,No,No,Yes,Yes
1544,4.53,Short,F,Yes,20,Yes,Yes,Yes,No,No,Yes,No
1545,9.43,Long,M,No,27,No,No,No,Yes,Yes,No,No
1546,4.19,Short,M,No,27,Yes,Yes,No,No,Yes,Yes,No
1547,8.77,Short,M,Yes,42,No,Yes,Yes,No,No,Yes,No
1548,4.04,Medium,M,No,52,No,No,No,No,No,No,No
1549,5.52,Short,F,Yes,28,No,No,No,No,Yes,No,No
1550,9.97,Long,F,No,20,No,No,No,No,Yes,No,No
1551,5.47,Medium,F,No,48,No,Yes,No,No,No,Yes,No
1552,8.61,Medium,M,No,50,No,No,No,No,No,No,No
1553,8.51,Long,M,Yes,52,No,No,No,No,No,No,No
1554,5.77,Medium,M,No,39,No,No,No,No,Yes,Yes,Yes
1555,3.89,Long,F,Yes,35,No,No,No,No,No,Yes,No
1556,6.92,Long,M,No,23,No,No,No,No,No,No,No
1557,5.5,Long,M,No,53,Yes,Yes,Yes,No,Yes,Yes,No
1558,5.13,Medium,F,No,48,No,Yes,Yes,No,No,No,No
1559,8.55,Long,M,No,43,Yes,Yes,No,Yes,Yes,No,Yes
1560,2.52,Long,F,No,21,Yes,No,Yes,No,No,Yes,No
1561,3.73,Medium,M,No,33,No,No,No,No,No,Yes,No
1562,2.05,Short,F,No,43,No,No,No,No,Yes,No,Yes
1563,7.51,Long,M,Yes,25,No,No,No,No,No,No,Yes
1564,5.21,Medium,F,Yes,35,Yes,Yes,Yes,No,No,Yes,No
1565,5.29,Short,F,No,50,No,No,No,No,No,No,No
1566,4.24,Medium,F,No,42,Yes,Yes,No,No,No,Yes,No
1567,7.4,Long,F,Yes,51,Yes,No,No,No,Yes,No,No
1568,2.89,Medium,F,Yes,27,Yes,No,No,No,Yes,Yes,No
1569,3.91,Medium,F,No,48,Yes,No,No,No,No,No,No
1570,7.35,Long,M,No,23,No,Yes,No,No,No,Yes,No
1571,4.81,Long,F,No,30,No,No,No,No,No,No,No
1572,5.75,Short,M,No,39,Yes,Yes,No,No,No,Yes,Yes
1573,8.95,Medium,M,No,35,Yes,No,No,No,Yes,No,No
1574,6.1,Long,F,No,48,No,Yes,No,No,No,Yes,No
1575,5.92,Short,M,Yes,21,Yes,No,No,No,Yes,No,No
1576,7.58,Medium,M,No,48,Yes,Yes,No,No,No,Yes,No
1577,2.04,Medium,M,No,40,No,Yes,No,No,No,No,No
1578,7.48,Long,M,No,32,No,No,No,No,No,No,No
1579,2.29,Medium,F,No,23,Yes,Yes,No,No,No,No,No
1580,9.25,Long,F,No,22,No,No,Yes,No,No,No,No
1581,3,Medium,M,Yes,24,Yes,Yes,No,No,No,Yes,No
1582,7.21,Medium,F,No,38,No,No,No,No,No,Yes,No
1583,7.15,Medium,F,Yes,30,No,No,No,No,No,Yes,No
1584,8.19,Long,M,No,51,Yes,Yes,No,No,Yes,Yes,No
1585,6.26,Short,F,Yes,21,No,Yes,No,No,Yes,Yes,No
1586,5.18,Medium,M,Yes,44,No,No,No,No,Yes,No,No
1587,5.73,Medium,F,No,34,No,No,No,No,No,No,Yes
1588,5.39,Short,F,No,51,Yes,Yes,Yes,No,Yes,Yes,No
1589,2.9,Medium,M,No,51,No,No,No,No,Yes,No,No
1590,3.47,Long,F,Yes,52,Yes,Yes,Yes,No,No,Yes,No
1591,5.24,Short,M,Yes,24,Yes,No,No,No,No,Yes,No
1592,6.56,Medium,M,No,55,No,Yes,No,No,No,Yes,No
1593,9.3,Short,F,No,26,Yes,No,No,No,No,Yes,No
1594,3.3,Long,M,Yes,49,No,Yes,Yes,No,Yes,Yes,No
1595,5.88,Long,M,Yes,25,No,No,No,No,No,No,No
1596,6.79,Long,M,No,56,No,No,No,No,No,No,No
1597,6.59,Long,F,No,18,No,No,No,No,No,No,Yes
1598,6.66,Short,M,Yes,36,No,No,No,No,Yes,No,No
1599,3.93,Long,M,Yes,44,Yes,Yes,No,No,No,Yes,Yes
1600,7.25,Short,F,Yes,31,No,Yes,No,No,Yes,Yes,No
1601,9.96,Medium,F,No,22,No,No,No,No,No,No,No
1602,9.66,Short,M,Yes,23,Yes,Yes,No,No,No,Yes,No
1603,4.31,Long,M,No,36,Yes,Yes,Yes,No,Yes,Yes,No
1604,7.82,Long,M,No,41,No,No,No,No,No,No,No
1605,2.8,Long,F,Yes,47,Yes,No,Yes,No,No,Yes,No
1606,2.38,Long,M,No,20,Yes,Yes,Yes,No,Yes,Yes,Yes
1607,2.88,Long,M,No,53,Yes,Yes,Yes,Yes,Yes,Yes,No
1608,4.93,Short,M,Yes,20,No,Yes,No,No,Yes,Yes,No
1609,8.79,Medium,M,No,34,No,No,No,No,No,No,Yes
1610,6.26,Medium,M,No,52,Yes,Yes,Yes,No,Yes,Yes,Yes
1611,7.74,Medium,F,No,40,No,No,No,No,Yes,Yes,No
1612,7.12,Long,F,No,22,Yes,Yes,No,No,No,Yes,No
1613,9.18,Medium,M,No,56,No,No,No,No,No,Yes,No
1614,7.24,Short,M,Yes,30,No,Yes,No,No,No,No,Yes
1615,4.56,Long,F,No,52,No,No,No,No,Yes,Yes,No
1616,9.71,Long,F,No,38,Yes,Yes,No,No,No,No,Yes
1617,7.89,Short,F,Yes,27,No,No,No,No,No,No,No
1618,6.89,Medium,M,No,35,No,No,No,No,No,No,No
1619,2.25,Long,M,Yes,38,Yes,Yes,Yes,No,No,Yes,No
1620,2.69,Long,M,No,33,No,No,No,No,No,Yes,No
1621,3.56,Short,F,No,35,No,No,No,No,Yes,No,No
1622,9.69,Long,F,Yes,43,No,No,No,No,No,No,No
1623,7.92,Long,F,Yes,37,Yes,Yes,Yes,Yes,No,Yes,Yes
1624,7.78,Short,F,No,29,No,No,No,No,No,No,Yes
1625,3.19,Short,F,No,57,No,No,No,No,No,Yes,No
1626,6.37,Short,M,Yes,35,Yes,No,No,Yes,Yes,No,Yes
1627,5.07,Long,M,Yes,37,Yes,Yes,Yes,No,Yes,Yes,No
1628,3.96,Long,F,No,32,No,No,No,Yes,Yes,No,Yes
1629,4.99,Medium,F,No,22,Yes,Yes,No,No,Yes,Yes,Yes
1630,5.65,Long,M,Yes,43,No,No,No,Yes,No,No,No
1631,9.48,Long,F,Yes,33,Yes,Yes,No,No,No,Yes,Yes
1632,7.69,Long,M,No,23,No,Yes,Yes,No,No,Yes,No
1633,2.74,Long,F,Yes,24,Yes,No,No,No,No,Yes,No
1634,6.13,Short,F,No,45,No,Yes,No,No,Yes,No,Yes
1635,5.38,Medium,M,Yes,45,Yes,Yes,Yes,No,Yes,Yes,No
1636,9.9,Medium,F,Yes,26,No,Yes,No,Yes,Yes,Yes,Yes
1637,6.11,Short,M,Yes,54,No,No,No,No,No,No,No
1638,3.58,Medium,M,Yes,41,No,Yes,No,No,No,Yes,No
1639,4.19,Long,F,Yes,34,No,Yes,No,No,No,Yes,No
1640,2.8,Medium,F,Yes,54,Yes,No,No,No,No,Yes,No
1641,9.66,Short,M,Yes,46,No,Yes,No,No,No,Yes,No
1642,6.38,Long,F,Yes,52,No,No,No,No,No,Yes,Yes
1643,3.48,Medium,M,No,41,No,No,No,Yes,Yes,No,No
1644,6.64,Medium,M,No,21,No,No,No,No,No,No,No
1645,6.66,Medium,M,No,43,No,Yes,No,No,No,Yes,No
1646,4.12,Long,M,Yes,41,No,No,No,No,Yes,Yes,No
1647,5.43,Medium,M,Yes,49,Yes,Yes,No,Yes,Yes,Yes,No
1648,9.13,Long,M,Yes,51,Yes,Yes,Yes,No,Yes,Yes,No
1649,5.09,Long,M,Yes,26,No,No,No,No,Yes,No,No
1650,6.33,Short,F,Yes,20,Yes,Yes,Yes,No,No,Yes,Yes
1651,8.32,Medium,M,Yes,27,No,Yes,No,No,No,No,No
1652,9.46,Short,F,Yes,34,No,Yes,No,Yes,No,Yes,Yes
1653,8.82,Long,M,Yes,33,Yes,Yes,No,No,No,Yes,Yes
1654,7.3,Short,F,Yes,26,No,No,No,No,No,Yes,No
1655,3.7,Short,F,Yes,55,No,No,No,No,Yes,No,No
1656,3.24,Long,M,Yes,26,No,Yes,Yes,No,Yes,Yes,No
1657,3.19,Medium,M,No,29,Yes,No,Yes,No,No,Yes,No
1658,7.42,Short,M,No,46,No,No,No,No,Yes,Yes,No
1659,6.61,Medium,F,No,42,Yes,Yes,Yes,Yes,Yes,Yes,Yes
1660,3.8,Medium,M,Yes,29,No,No,No,Yes,Yes,Yes,Yes
1661,3.23,Short,M,No,20,No,No,No,No,No,No,No
1662,2.63,Short,F,No,49,No,No,No,No,No,Yes,No
1663,2.64,Long,F,Yes,33,No,No,No,No,No,No,No
1664,2.1,Medium,F,No,26,Yes,No,No,No,Yes,No,No
1665,9.3,Medium,F,Yes,50,No,Yes,Yes,No,No,Yes,No
1666,9.4,Long,F,Yes,46,No,No,No,No,Yes,Yes,No
1667,6.62,Short,M,Yes,37,No,Yes,No,No,No,Yes,No
1668,6.53,Long,M,No,21,Yes,Yes,No,No,No,Yes,No
1669,6.92,Short,M,No,28,Yes,Yes,Yes,No,No,Yes,No
1670,2.25,Medium,F,No,23,No,No,No,No,No,No,No
1671,3.33,Long,F,Yes,29,Yes,Yes,Yes,No,Yes,Yes,No
1672,9.22,Medium,M,No,38,No,No,No,Yes,No,No,No
1673,6.15,Medium,F,No,43,Yes,Yes,No,No,Yes,Yes,No
1674,3.1,Long,F,No,28,No,Yes,No,No,Yes,Yes,No
1675,6.28,Long,M,No,37,Yes,No,No,No,No,Yes,No
1676,7.65,Long,F,No,21,No,No,No,No,No,No,Yes
1677,8.65,Medium,M,Yes,22,No,No,No,No,No,No,No
1678,6.36,Short,F,No,33,No,No,No,No,No,No,Yes
1679,2.89,Short,F,No,45,No,No,No,No,No,No,No
1680,7.24,Medium,F,Yes,32,No,No,No,No,No,Yes,No
1681,6.82,Medium,M,Yes,29,Yes,Yes,Yes,Yes,Yes,Yes,Yes
1682,3.45,Medium,M,No,47,No,Yes,No,No,No,No,Yes
1683,9.52,Short,F,Yes,35,No,No,No,No,Yes,No,No
1684,5.01,Medium,F,No,42,No,Yes,No,No,No,No,Yes
1685,3.77,Medium,M,No,30,No,No,No,No,No,No,No
1686,9.74,Medium,M,No,32,No,No,No,No,No,No,No
1687,2.99,Medium,F,Yes,27,No,No,No,No,No,No,No
1688,9.51,Long,M,No,49,Yes,Yes,Yes,No,No,Yes,No
1689,7.86,Medium,F,Yes,52,Yes,Yes,Yes,No,Yes,Yes,No
1690,5.83,Short,M,Yes,20,No,No,Yes,No,Yes,No,No
1691,8.77,Long,F,Yes,42,No,Yes,No,No,No,Yes,No
1692,5.07,Long,M,Yes,29,No,No,No,No,Yes,Yes,No
1693,8.17,Short,F,Yes,35,Yes,Yes,Yes,Yes,Yes,Yes,Yes
1694,3.36,Short,M,No,17,Yes,No,No,No,No,No,No
1695,9.97,Long,M,Yes,46,Yes,Yes,No,No,No,Yes,No
1696,9.44,Medium,M,No,47,Yes,Yes,No,No,No,Yes,No
1697,4.32,Medium,F,No,34,Yes,Yes,Yes,No,No,Yes,Yes
1698,4.69,Medium,M,No,21,Yes,No,No,No,No,No,No
1699,7.63,Long,M,No,19,No,Yes,No,No,No,Yes,No
1700,3.82,Short,F,Yes,51,No,No,Yes,No,No,Yes,No
1701,6.65,Medium,F,Yes,42,No,No,No,No,No,No,No
1702,9.68,Long,F,Yes,44,Yes,Yes,No,Yes,No,No,Yes
1703,4.98,Medium,F,No,21,No,Yes,No,No,No,Yes,No
1704,3.29,Long,M,No,41,No,No,No,No,No,Yes,No
1705,6.55,Long,M,No,49,No,No,No,No,No,No,No
1706,9.86,Long,M,Yes,22,Yes,Yes,Yes,No,Yes,Yes,No
1707,7.06,Long,F,Yes,49,No,Yes,No,Yes,Yes,No,No
1708,8.4,Long,M,No,54,Yes,No,No,No,No,No,No
1709,2.95,Short,F,No,45,Yes,No,No,Yes,No,No,Yes
1710,7.08,Long,F,Yes,36,Yes,Yes,No,No,No,Yes,No
1711,3.2,Medium,F,No,25,No,Yes,Yes,No,No,Yes,No
1712,9.88,Long,F,Yes,42,No,No,No,Yes,No,Yes,No
1713,7.1,Long,M,No,46,No,Yes,Yes,No,No,Yes,No
1714,3.33,Long,F,No,24,No,Yes,Yes,Yes,No,Yes,Yes
1715,8.94,Long,F,Yes,40,No,No,No,No,No,No,No
1716,9.27,Long,F,Yes,39,Yes,No,No,No,No,No,No
1717,8.67,Medium,M,No,21,No,No,No,No,Yes,No,No
1718,6.42,Short,F,Yes,51,No,No,No,No,No,Yes,No
1719,8.32,Long,M,Yes,46,Yes,No,No,No,Yes,No,No
1720,4.58,Short,M,No,37,No,No,No,No,Yes,No,No
1721,7.53,Long,F,Yes,38,No,No,No,No,No,No,No
1722,4.75,Short,M,No,51,No,No,No,No,No,No,No
1723,7.41,Long,M,Yes,50,No,No,No,No,Yes,No,No
1724,8.35,Medium,F,No,49,No,No,No,No,No,No,No
1725,4.31,Medium,M,Yes,36,No,No,No,No,No,Yes,Yes
1726,5.55,Medium,M,Yes,45,No,No,No,No,No,No,No
1727,6.83,Long,M,Yes,44,Yes,No,No,No,No,No,No
1728,4.33,Medium,M,Yes,25,No,Yes,Yes,No,Yes,Yes,No
1729,8.31,Long,F,No,49,Yes,No,No,No,No,No,No
1730,9.18,Medium,F,No,33,No,No,No,No,Yes,No,No
1731,2.34,Long,F,Yes,19,No,No,No,No,Yes,No,No
1732,9.88,Long,M,Yes,24,No,Yes,No,No,No,No,No
1733,5.89,Medium,M,No,41,No,No,No,No,No,Yes,No
1734,7.46,Medium,M,No,24,No,No,No,No,No,No,Yes
1735,5.44,Medium,M,Yes,42,No,Yes,No,Yes,No,Yes,No
1736,6.45,Long,M,No,20,No,No,No,No,No,No,Yes
1737,6.05,Long,F,No,38,No,Yes,Yes,No,Yes,Yes,No
1738,7.55,Long,M,Yes,51,No,Yes,Yes,No,No,No,No
1739,2.2,Medium,F,No,20,Yes,Yes,No,No,Yes,No,No
1740,2.66,Medium,F,Yes,51,Yes,No,No,No,Yes,No,No
1741,7.94,Long,F,Yes,38,No,No,No,No,Yes,No,No
1742,9.41,Short,M,No,45,Yes,Yes,No,No,No,Yes,No
1743,5.79,Short,M,Yes,21,Yes,Yes,No,No,Yes,Yes,No
1744,4.08,Medium,M,Yes,18,No,No,No,No,No,No,No
1745,2.11,Long,M,Yes,47,Yes,Yes,No,No,Yes,Yes,No
1746,5.21,Medium,M,No,26,No,No,No,No,No,Yes,No
1747,8.48,Long,M,No,51,No,No,No,No,No,No,No
1748,8.07,Medium,F,No,23,No,No,No,No,No,Yes,No
1749,9.74,Long,M,Yes,31,No,No,No,No,Yes,No,No
1750,8.75,Medium,M,Yes,26,Yes,Yes,No,No,No,Yes,No
1751,7.51,Long,F,Yes,48,Yes,No,No,No,No,No,No
1752,7.84,Short,F,Yes,38,No,No,No,No,Yes,Yes,No
1753,6.13,Short,M,Yes,42,No,Yes,Yes,No,No,Yes,Yes
1754,5.01,Long,M,Yes,47,No,No,No,No,No,No,No
1755,7.57,Medium,M,No,26,Yes,No,No,No,Yes,Yes,No
1756,3.67,Long,F,Yes,45,Yes,No,No,No,No,Yes,No
1757,4.16,Medium,M,Yes,18,Yes,No,No,No,Yes,Yes,No
1758,2.84,Medium,F,Yes,52,No,No,No,No,No,No,Yes
1759,9.28,Medium,F,No,32,Yes,No,No,No,Yes,Yes,No
1760,5.38,Medium,M,Yes,46,Yes,No,No,No,No,No,No
1761,10.05,Long,F,Yes,21,No,No,No,No,No,No,No
1762,5.26,Medium,M,No,29,Yes,Yes,No,No,No,Yes,No
1763,2.26,Medium,F,No,21,Yes,No,No,No,No,Yes,No
1764,6.31,Long,F,Yes,29,Yes,Yes,Yes,No,No,Yes,No
1765,5.71,Long,M,No,29,Yes,Yes,Yes,No,No,Yes,No
1766,6.74,Long,F,Yes,44,No,No,No,No,No,No,Yes
1767,3.16,Medium,F,No,52,No,No,No,No,No,No,No
1768,5.72,Short,F,No,41,No,No,No,No,Yes,No,No
1769,2.17,Medium,M,Yes,52,No,No,No,No,Yes,No,Yes
1770,3.23,Short,M,No,33,No,Yes,Yes,No,Yes,Yes,No
1771,8.09,Long,F,Yes,44,No,No,No,No,No,Yes,No
1772,8.73,Medium,F,Yes,27,No,No,No,No,No,No,No
1773,3.82,Short,M,Yes,24,No,Yes,No,No,No,Yes,Yes
1774,9.07,Long,F,No,50,No,No,No,No,No,No,No
1775,5.96,Short,M,No,19,Yes,Yes,Yes,No,No,No,No
1776,4.51,Long,F,No,51,Yes,Yes,No,No,No,Yes,No
1777,2.74,Medium,F,Yes,49,No,Yes,No,No,No,Yes,No
1778,8.78,Long,F,No,19,Yes,No,No,No,Yes,No,No
1779,2.64,Short,F,Yes,35,No,No,No,No,No,No,No
1780,7.5,Short,M,No,42,No,No,No,No,No,No,No
1781,2.36,Medium,M,No,31,No,Yes,No,No,No,No,No
1782,7.63,Short,F,No,46,No,No,No,No,No,Yes,No
1783,4.62,Short,F,Yes,25,No,Yes,No,No,Yes,No,Yes
1784,9.35,Medium,M,No,36,Yes,No,Yes,No,No,Yes,No
1785,2.08,Short,M,Yes,27,No,No,No,No,Yes,No,No
1786,5.02,Short,M,Yes,25,Yes,No,No,No,Yes,No,No
1787,9.64,Medium,F,No,51,Yes,Yes,No,No,No,Yes,No
1788,6.54,Medium,M,No,47,No,No,No,No,No,No,No
1789,7,Short,F,No,45,No,No,Yes,No,No,Yes,No
1790,2.63,Medium,F,No,38,No,No,No,No,No,No,Yes
1791,9.36,Long,M,No,42,No,No,No,No,No,No,No
1792,3.97,Medium,M,Yes,36,No,No,No,No,Yes,No,No
1793,2.96,Long,M,Yes,45,No,No,No,No,No,No,Yes
1794,7.21,Medium,M,No,43,No,Yes,No,No,No,No,No
1795,5.08,Short,F,No,46,Yes,No,No,No,No,No,No
1796,10.14,Medium,M,Yes,48,Yes,Yes,Yes,No,No,Yes,No
1797,6.41,Short,F,Yes,48,No,Yes,Yes,No,No,Yes,No
1798,9.33,Long,F,Yes,29,No,No,No,No,No,No,No
1799,3.04,Medium,M,No,39,No,No,No,Yes,No,No,Yes
1800,2.58,Long,F,Yes,33,No,No,No,No,No,Yes,No
1801,4.63,Long,M,Yes,43,Yes,No,No,No,No,Yes,Yes
1802,8.4,Long,F,No,37,No,No,No,No,No,No,No
1803,7.99,Long,M,No,37,No,Yes,No,No,No,No,No
1804,7.83,Medium,F,Yes,33,Yes,Yes,Yes,No,No,No,No
1805,3.58,Short,F,Yes,52,No,No,No,No,No,No,No
1806,5.49,Long,F,No,45,Yes,No,No,No,No,No,Yes
1807,4.11,Long,F,Yes,45,No,No,No,No,Yes,No,No
1808,5.13,Medium,F,No,39,No,No,No,No,Yes,No,No
1809,3.91,Long,M,Yes,48,No,No,No,Yes,No,No,Yes
1810,7.72,Short,F,No,49,Yes,Yes,Yes,No,Yes,Yes,No
1811,6.23,Medium,F,No,54,No,No,No,No,No,No,No
1812,5.03,Medium,F,Yes,45,No,No,No,No,No,No,No
1813,9.75,Short,F,No,57,No,No,No,No,Yes,No,Yes
1814,8.74,Short,M,No,50,Yes,No,Yes,No,No,Yes,No
1815,2.76,Long,M,Yes,52,No,No,No,No,No,No,No
1816,3.15,Short,F,No,36,Yes,No,No,No,No,No,No
1817,2.26,Long,M,No,27,Yes,No,No,No,No,Yes,No
1818,4.78,Short,M,No,25,No,No,No,No,Yes,Yes,No
1819,6.95,Long,F,No,50,No,Yes,Yes,No,Yes,Yes,No
1820,9.08,Medium,M,No,26,No,No,No,No,No,No,No
1821,9.42,Long,M,Yes,42,No,No,No,No,No,No,No
1822,2.14,Short,F,Yes,50,No,No,No,No,No,No,No
1823,7.69,Medium,F,Yes,43,No,No,No,No,No,No,No
1824,3.05,Medium,F,Yes,23,No,No,No,No,No,No,No
1825,3.3,Long,F,Yes,34,Yes,Yes,No,No,No,Yes,No
1826,6.15,Medium,M,Yes,37,No,No,No,No,Yes,No,No
1827,6.1,Long,M,Yes,30,No,No,No,No,No,No,No
1828,3.52,Medium,F,No,25,Yes,Yes,No,No,No,Yes,Yes
1829,4.79,Short,F,No,50,Yes,Yes,No,No,Yes,Yes,No
1830,4.55,Long,M,No,30,No,No,No,No,No,Yes,No
1831,7.15,Short,F,Yes,25,No,No,No,No,No,No,No
1832,5.3,Medium,M,No,26,No,No,No,No,No,No,No
1833,4.84,Medium,M,No,30,No,Yes,No,No,Yes,Yes,No
1834,7.52,Long,F,No,53,No,Yes,No,Yes,Yes,Yes,Yes
1835,3.87,Long,F,Yes,40,No,Yes,No,No,Yes,Yes,Yes
1836,8.11,Long,F,No,37,No,No,No,No,No,Yes,No
1837,5.08,Long,F,Yes,26,No,No,No,No,No,No,No
1838,9.57,Long,M,Yes,34,Yes,No,No,No,No,Yes,Yes
1839,7.83,Long,F,Yes,31,Yes,No,Yes,No,Yes,Yes,No
1840,4.61,Long,M,Yes,51,Yes,Yes,No,No,No,Yes,No
1841,8.98,Short,F,Yes,31,No,No,No,No,No,No,No
1842,5.23,Long,F,Yes,28,Yes,Yes,Yes,No,No,Yes,Yes
1843,9.84,Medium,M,Yes,39,No,Yes,Yes,No,No,Yes,No
1844,3.89,Medium,M,Yes,36,No,No,No,No,No,Yes,No
1845,9.82,Medium,F,No,50,Yes,Yes,Yes,No,No,Yes,No
1846,9.38,Long,F,No,41,No,No,No,No,Yes,No,No
1847,6.39,Long,F,Yes,22,No,No,No,No,No,No,No
1848,8.61,Long,M,Yes,25,No,No,No,No,Yes,No,No
1849,3.58,Medium,M,Yes,31,Yes,No,No,No,No,No,Yes
1850,8.73,Short,F,Yes,30,Yes,Yes,No,No,No,Yes,No
1851,9.44,Long,F,Yes,47,No,No,No,No,No,No,No
1852,2.69,Short,F,Yes,36,No,No,No,No,No,No,No
1853,7.54,Medium,M,No,53,No,No,No,No,No,Yes,No
1854,2.51,Long,F,No,21,No,No,No,No,No,Yes,No
1855,5.51,Long,M,Yes,23,Yes,Yes,No,No,No,Yes,No
1856,6.48,Long,M,No,21,Yes,Yes,No,No,No,Yes,No
1857,8.1,Medium,M,No,22,Yes,Yes,Yes,No,Yes,Yes,No
1858,4.87,Short,F,No,45,No,No,Yes,Yes,No,Yes,No
1859,3.83,Long,F,Yes,35,Yes,Yes,Yes,No,No,Yes,No
1860,4.76,Long,M,Yes,29,Yes,Yes,Yes,No,No,No,No
1861,9.2,Short,F,No,53,Yes,Yes,No,No,No,Yes,No
1862,6.39,Short,M,Yes,31,No,Yes,No,No,No,No,No
1863,2.65,Long,M,No,48,No,No,No,No,Yes,No,No
1864,6.66,Medium,M,Yes,29,No,No,No,No,Yes,No,No
1865,5.64,Long,M,Yes,42,Yes,Yes,Yes,No,Yes,Yes,No
1866,3.2,Long,F,Yes,51,No,No,No,Yes,Yes,No,No
1867,7.96,Medium,F,Yes,50,Yes,No,Yes,No,No,Yes,Yes
1868,7.43,Medium,F,Yes,23,No,Yes,No,No,No,Yes,No
1869,2.44,Medium,M,No,20,Yes,No,Yes,No,No,No,No
1870,6.3,Short,F,No,37,No,No,No,No,No,No,No
1871,7.08,Long,F,No,26,No,Yes,No,No,No,No,No
1872,2.2,Short,M,Yes,53,Yes,No,No,No,No,No,No
1873,3.89,Medium,M,Yes,35,Yes,Yes,Yes,Yes,Yes,Yes,Yes
1874,7.94,Short,M,No,27,No,No,No,No,No,No,No
1875,7.4,Short,M,No,48,Yes,Yes,Yes,No,No,Yes,No
1876,7.11,Medium,F,Yes,29,No,No,No,Yes,No,No,Yes
1877,3.81,Long,M,Yes,27,Yes,No,No,No,No,No,No
1878,4.24,Medium,M,Yes,30,No,No,No,No,Yes,No,No
1879,3.86,Long,M,Yes,28,No,No,No,No,No,No,No
1880,5.84,Long,F,No,26,Yes,No,No,No,No,No,No
1881,8.41,Medium,M,No,20,No,No,No,No,No,No,No
1882,2.81,Long,F,Yes,55,No,No,No,No,No,No,No
1883,7.86,Long,F,Yes,35,Yes,Yes,No,No,No,Yes,No
1884,3.37,Medium,F,Yes,26,No,No,No,No,No,No,No
1885,3.14,Medium,F,No,53,No,No,Yes,No,Yes,No,No
1886,5.73,Short,F,Yes,53,No,No,No,No,No,No,No
1887,6.95,Long,M,No,53,No,Yes,No,No,No,Yes,No
1888,3.18,Long,M,Yes,38,No,No,No,No,Yes,No,No
1889,9.7,Long,M,Yes,28,No,No,No,No,Yes,No,No
1890,6.99,Medium,F,No,41,No,No,No,No,No,No,No
1891,2.83,Medium,F,Yes,53,No,No,No,No,No,Yes,No
1892,2.08,Medium,M,Yes,51,No,No,No,No,No,No,No
1893,4.19,Long,M,Yes,22,No,No,No,No,No,Yes,No
1894,8.02,Long,F,Yes,40,Yes,Yes,No,No,Yes,Yes,Yes
1895,3.09,Long,M,Yes,27,No,No,No,No,Yes,No,No
1896,6.05,Long,M,Yes,38,No,No,No,No,No,Yes,No
1897,6.41,Medium,F,No,25,No,No,No,No,No,No,Yes
1898,5.55,Short,F,No,39,No,Yes,Yes,No,Yes,Yes,No
1899,5.81,Medium,F,No,30,No,No,No,No,No,Yes,No
1900,3.69,Short,F,No,46,Yes,Yes,No,No,No,Yes,No
1901,7.25,Medium,F,Yes,52,Yes,No,No,No,No,No,No
1902,5.74,Long,F,No,26,No,No,No,No,Yes,No,No
1903,8.67,Short,M,Yes,38,Yes,Yes,No,No,No,Yes,No
1904,7.55,Long,M,No,38,Yes,No,No,No,Yes,Yes,No
1905,4.31,Long,F,Yes,26,Yes,No,Yes,No,No,Yes,No
1906,3.27,Long,M,Yes,26,No,No,No,No,No,No,Yes
1907,7.06,Long,F,No,50,No,No,No,No,No,Yes,No
1908,3.92,Long,M,Yes,44,No,No,No,No,No,No,No
1909,7.89,Medium,M,No,19,Yes,No,Yes,No,Yes,Yes,No
1910,3.78,Medium,M,Yes,47,Yes,No,Yes,No,No,Yes,No
1911,8.74,Medium,M,Yes,26,Yes,No,No,No,Yes,No,No
1912,5.26,Long,F,No,57,Yes,No,No,No,No,Yes,No
1913,3.56,Medium,F,No,41,No,No,No,No,No,No,No
1914,4.02,Medium,M,Yes,31,No,No,No,Yes,Yes,Yes,No
1915,4.88,Medium,M,No,45,Yes,Yes,Yes,No,Yes,Yes,No
1916,4.64,Medium,F,Yes,21,No,No,No,No,No,Yes,No
1917,7.44,Long,F,No,54,No,No,No,No,No,No,No
1918,3.33,Long,M,No,52,Yes,No,No,No,No,No,No
1919,2.78,Short,F,No,42,No,No,No,No,Yes,Yes,No
1920,4.7,Short,F,Yes,23,No,No,No,No,No,No,No
1921,8.01,Long,M,No,52,No,Yes,No,No,Yes,Yes,No
1922,8.87,Long,M,Yes,34,No,No,No,No,No,No,Yes
1923,7.72,Short,M,No,26,Yes,No,No,No,No,No,No
1924,7.48,Long,F,No,52,No,No,No,No,No,No,No
1925,7.52,Short,F,No,24,No,No,No,No,No,Yes,No
1926,8.86,Long,F,No,45,Yes,Yes,No,No,No,No,No
1927,3.45,Long,F,Yes,35,No,No,No,No,No,No,No
1928,5.17,Long,F,No,28,No,No,No,No,Yes,No,No
1929,4.57,Medium,M,Yes,21,No,No,No,No,No,No,No
1930,2.87,Medium,F,Yes,34,No,No,No,No,No,No,No
1931,2.19,Long,F,Yes,33,No,No,No,No,No,No,No
1932,9.56,Long,M,No,27,No,No,No,Yes,No,No,Yes
1933,8.44,Long,F,Yes,43,No,Yes,No,No,Yes,Yes,No
1934,5.43,Short,F,Yes,25,No,No,No,No,Yes,No,No
1935,9.63,Short,M,No,35,No,Yes,Yes,No,No,Yes,No
1936,9.08,Medium,F,Yes,36,Yes,Yes,No,No,Yes,Yes,Yes
1937,5.24,Medium,F,No,44,No,No,No,No,Yes,No,No
1938,7.57,Long,F,No,38,No,No,No,No,No,Yes,No
1939,8.73,Medium,F,Yes,39,No,No,No,Yes,Yes,No,No
1940,3.49,Medium,M,No,48,No,No,No,No,Yes,No,Yes
1941,7.51,Long,M,Yes,31,Yes,No,No,No,No,No,No
1942,9.43,Long,F,Yes,40,No,No,Yes,No,Yes,Yes,No
1943,7.89,Short,M,No,28,Yes,Yes,Yes,No,Yes,Yes,No
1944,5.24,Short,F,No,30,No,No,No,No,No,Yes,No
1945,4.57,Medium,M,Yes,26,Yes,Yes,Yes,No,No,Yes,No
1946,9.39,Medium,M,No,48,No,Yes,Yes,Yes,Yes,Yes,No
1947,3.11,Long,M,Yes,27,Yes,No,Yes,No,No,Yes,No
1948,2.19,Short,F,Yes,24,No,No,No,No,Yes,No,Yes
1949,4.03,Medium,M,No,48,No,No,No,No,Yes,No,No
1950,8.56,Long,M,No,39,Yes,Yes,Yes,No,No,No,No
1951,9.46,Medium,F,Yes,27,Yes,Yes,No,No,Yes,Yes,No
1952,2.34,Short,M,No,43,No,No,No,No,No,No,No
1953,8.15,Medium,M,Yes,40,Yes,No,Yes,No,No,Yes,No
1954,8.93,Long,F,Yes,42,Yes,Yes,Yes,No,No,Yes,No
1955,5.03,Long,M,Yes,38,Yes,No,No,No,Yes,No,No
1956,4.48,Long,M,Yes,43,No,No,No,No,No,No,Yes
1957,4.86,Short,F,No,26,No,No,No,No,Yes,No,No
1958,9.17,Long,F,Yes,30,No,No,No,Yes,Yes,No,No
1959,2.35,Short,F,No,22,No,No,No,No,No,Yes,No
1960,9.72,Short,F,No,27,Yes,Yes,No,No,Yes,Yes,No
1961,2.16,Short,F,No,44,Yes,Yes,Yes,No,Yes,No,No
1962,7.59,Medium,F,No,38,Yes,No,Yes,Yes,Yes,No,No
1963,4.34,Short,M,Yes,33,Yes,Yes,No,No,No,Yes,No
1964,6.2,Long,M,Yes,52,No,No,No,No,Yes,No,No
1965,6.4,Medium,F,No,25,No,No,No,No,No,No,No
1966,8.08,Short,F,Yes,35,Yes,No,No,No,No,Yes,No
1967,5.78,Long,M,Yes,28,No,No,No,No,No,No,No
1968,6.25,Medium,M,Yes,35,Yes,No,No,No,Yes,Yes,No
1969,4.51,Medium,M,Yes,19,No,No,No,Yes,No,No,No
1970,8.19,Long,F,No,38,No,Yes,No,No,No,Yes,No
1971,7.22,Long,F,Yes,50,No,No,No,No,Yes,No,No
1972,8.21,Medium,M,Yes,26,No,No,No,No,Yes,Yes,No
1973,5.62,Medium,M,No,25,No,No,No,Yes,Yes,No,Yes
1974,9.74,Short,M,No,41,Yes,No,No,No,No,Yes,Yes
1975,5.97,Medium,F,Yes,27,Yes,Yes,Yes,No,Yes,Yes,Yes
1976,3.71,Short,F,Yes,20,No,No,No,No,No,No,No
1977,4.18,Short,M,No,28,No,No,No,No,No,Yes,No
1978,6.43,Long,M,Yes,23,Yes,Yes,Yes,No,No,Yes,No
1979,6.27,Medium,F,Yes,50,No,No,No,No,Yes,No,No
1980,8.85,Medium,F,Yes,32,No,No,No,No,No,Yes,No
1981,4.34,Medium,M,Yes,26,No,No,No,No,No,Yes,No
1982,8.35,Long,F,No,37,No,No,No,No,No,No,No
1983,3.79,Short,M,No,41,No,No,No,Yes,Yes,Yes,No
1984,7.92,Medium,M,Yes,38,No,No,Yes,No,Yes,No,Yes
1985,4.53,Medium,F,No,48,No,Yes,Yes,No,No,Yes,No
1986,5.51,Short,M,No,21,Yes,Yes,No,No,Yes,Yes,No
1987,2.18,Long,F,No,41,No,No,No,Yes,No,No,Yes
1988,2.7,Medium,F,Yes,42,Yes,No,No,No,Yes,No,No
1989,6.53,Medium,F,No,29,Yes,No,No,No,No,Yes,Yes
1990,8.62,Medium,M,Yes,32,No,No,No,No,No,No,No
1991,6.35,Long,M,No,35,No,No,No,No,No,No,No
1992,6.14,Medium,M,Yes,34,No,No,No,Yes,Yes,No,Yes
1993,3.88,Short,F,No,34,Yes,No,No,No,Yes,No,No
1994,8.56,Short,M,Yes,43,No,No,No,No,No,No,No
1995,4.75,Short,F,No,44,No,No,Yes,No,Yes,Yes,No
1996,6.75,Medium,F,No,41,No,No,No,No,No,No,No
1997,4.64,Short,F,No,51,Yes,No,No,No,No,No,No
1998,5.78,Medium,F,No,41,No,Yes,No,No,No,Yes,No
1999,7.63,Medium,F,No,51,No,No,No,No,Yes,No,No
2000,3.43,Long,F,Yes,40,Yes,No,No,No,No,Yes,Yes
